,individu_id,date,tasses_cafe,heures_travail,productivite
0,1001,2025-02-01,3,6.1,62.6
1,1001,2025-02-02,3,6.4,58.4
2,1001,2025-02-03,4,7.4,58.0
3,1001,2025-02-04,3,9.6,55.5
4,1001,2025-02-05,1,7.1,45.5
5,1001,2025-02-06,2,6.3,59.1
6,1001,2025-02-07,4,7.2,59.9
7,1001,2025-02-08,4,7.6,63.5
8,1001,2025-02-09,3,6.1,54.8
9,1001,2025-02-10,0,6.9,42.0
10,1001,2025-02-11,2,8.1,55.0
11,1001,2025-02-12,6,7.3,72.0
12,1001,2025-02-13,3,7.3,57.3
13,1001,2025-02-14,1,7.8,60.1
14,1001,2025-02-15,4,8.3,65.4
15,1001,2025-02-16,3,7.5,63.0
16,1001,2025-02-17,6,6.8,69.3
17,1001,2025-02-18,1,8.1,51.3
18,1001,2025-02-19,4,5.6,59.5
19,1001,2025-02-20,2,7.8,51.3
20,1001,2025-02-21,4,7.8,64.3
21,1001,2025-02-22,0,7.4,43.5
22,1001,2025-02-23,1,6.7,49.2
23,1001,2025-02-24,0,7.6,35.0
24,1001,2025-02-25,6,7.8,60.4
25,1001,2025-02-26,5,7.1,74.3
26,1001,2025-02-27,5,7.8,67.5
27,1001,2025-02-28,7,5.3,73.8
28,1001,2025-03-01,1,6.5,44.3
29,1001,2025-03-02,5,7.5,68.0
30,1002,2025-02-01,0,9.0,46.3
31,1002,2025-02-02,5,8.3,75.4
32,1002,2025-02-03,1,6.6,55.6
33,1002,2025-02-04,3,7.6,64.6
34,1002,2025-02-05,3,7.9,60.4
35,1002,2025-02-06,1,7.4,43.3
36,1002,2025-02-07,5,7.8,77.9
37,1002,2025-02-08,3,8.7,53.0
38,1002,2025-02-09,5,8.7,58.5
39,1002,2025-02-10,5,8.2,62.7
40,1002,2025-02-11,2,7.3,63.0
41,1002,2025-02-12,3,8.2,63.5
42,1002,2025-02-13,2,8.7,53.5
43,1002,2025-02-14,8,6.5,71.0
44,1002,2025-02-15,5,6.7,71.4
45,1002,2025-02-16,2,6.4,47.5
46,1002,2025-02-17,3,7.9,53.3
47,1002,2025-02-18,4,6.1,60.6
48,1002,2025-02-19,3,7.3,59.0
49,1002,2025-02-20,3,7.2,57.0
50,1002,2025-02-21,2,8.0,52.5
51,1002,2025-02-22,5,6.3,39.5
52,1002,2025-02-23,2,5.8,53.9
53,1002,2025-02-24,7,8.0,71.5
54,1002,2025-02-25,0,8.0,47.3
55,1002,2025-02-26,3,7.3,51.4
56,1002,2025-02-27,5,7.0,68.1
57,1002,2025-02-28,2,5.7,55.2
58,1002,2025-03-01,2,7.8,51.0
59,1002,2025-03-02,3,6.9,63.3
60,1003,2025-02-01,3,6.9,57.0
61,1003,2025-02-02,1,7.3,53.1
62,1003,2025-02-03,5,7.46295193534666,67.3
63,1003,2025-02-04,2,7.3,52.0
64,1003,2025-02-05,4,9.2,63.8
65,1003,2025-02-06,3,7.2,78.9
66,1003,2025-02-07,3,8.0,62.3
67,1003,2025-02-08,1,7.46295193534666,51.0
68,1003,2025-02-09,3,6.8,66.2
69,1003,2025-02-10,4,7.1,63.5
70,1003,2025-02-11,5,7.5,69.4
71,1003,2025-02-12,1,5.9,49.0
72,1003,2025-02-13,1,5.8,47.4
73,1003,2025-02-14,2,7.0,52.5
74,1003,2025-02-15,3,7.9,53.7
75,1003,2025-02-16,2,7.5,56.1
76,1003,2025-02-17,4,9.1,57.4
77,1003,2025-02-18,6,5.8,65.4
78,1003,2025-02-19,5,7.8,67.0
79,1003,2025-02-20,7,9.1,76.1
80,1003,2025-02-21,6,6.9,77.6
81,1003,2025-02-22,0,7.6,42.5
82,1003,2025-02-23,0,7.6,44.9
83,1003,2025-02-24,3,9.3,55.2
84,1003,2025-02-25,3,7.4,60.9
85,1003,2025-02-26,3,7.2,61.9
86,1003,2025-02-27,6,7.4,70.0
87,1003,2025-02-28,1,7.0,56.7
88,1003,2025-03-01,3,7.9,51.7
89,1003,2025-03-02,1,7.46295193534666,55.1
90,1004,2025-02-01,3,6.8,62.4
91,1004,2025-02-02,2,8.4,53.6
92,1004,2025-02-03,5,6.6,69.3
93,1004,2025-02-04,5,7.8,45.2
94,1004,2025-02-05,3,7.4,57.9
95,1004,2025-02-06,4,8.4,71.8
96,1004,2025-02-07,0,7.9,46.5
97,1004,2025-02-08,3,7.0,61.9
98,1004,2025-02-09,4,7.4,61.1
99,1004,2025-02-10,5,7.0,75.2
100,1004,2025-02-11,3,6.9,59.7
101,1004,2025-02-12,0,7.46295193534666,40.1
102,1004,2025-02-13,0,7.9,44.2
103,1004,2025-02-14,3,6.9,64.2
104,1004,2025-02-15,3,6.0,60.9
105,1004,2025-02-16,5,7.6,68.3
106,1004,2025-02-17,3,7.46295193534666,59.0
107,1004,2025-02-18,1,8.4,47.7
108,1004,2025-02-19,2,7.3,48.1
109,1004,2025-02-20,6,8.3,67.2
110,1004,2025-02-21,6,7.0,70.2
111,1004,2025-02-22,2,8.8,59.5
112,1004,2025-02-23,3,7.4,62.2
113,1004,2025-02-24,4,7.5,63.1
114,1004,2025-02-25,4,6.0,64.9
115,1004,2025-02-26,2,7.46295193534666,45.6
116,1004,2025-02-27,3,7.6,56.6
117,1004,2025-02-28,3,5.8,57.0
118,1004,2025-03-01,1,7.0,40.8
119,1004,2025-03-02,1,8.7,44.0
120,1005,2025-02-01,2,7.1,56.9
121,1005,2025-02-02,3,6.0,49.3
122,1005,2025-02-03,2,7.3,58.4
123,1005,2025-02-04,1,8.9,42.0
124,1005,2025-02-05,0,7.2,49.2
125,1005,2025-02-06,3,6.5,68.5
126,1005,2025-02-07,3,7.8,62.2
127,1005,2025-02-08,4,7.0,71.0
128,1005,2025-02-09,5,9.3,65.5
129,1005,2025-02-10,6,6.4,72.0
130,1005,2025-02-11,4,6.2,71.6
131,1005,2025-02-12,2,8.9,48.0
132,1005,2025-02-13,3,6.8,55.2
133,1005,2025-02-14,1,6.3,44.5
134,1005,2025-02-15,1,8.6,55.8
135,1005,2025-02-16,1,7.2,54.9
136,1005,2025-02-17,4,7.2,59.8
137,1005,2025-02-18,1,9.1,50.9
138,1005,2025-02-19,3,6.6,58.0
139,1005,2025-02-20,5,6.1,63.0
140,1005,2025-02-21,1,8.9,42.3
141,1005,2025-02-22,3,6.3,59.1
142,1005,2025-02-23,1,6.9,57.3
143,1005,2025-02-24,4,7.6,64.7
144,1005,2025-02-25,6,7.6,77.1
145,1005,2025-02-26,5,8.4,79.6
146,1005,2025-02-27,4,8.5,60.3
147,1005,2025-02-28,3,7.4,54.0
148,1005,2025-03-01,2,7.4,54.9
149,1005,2025-03-02,6,6.6,67.3
150,1006,2025-02-01,1,8.3,58.9
151,1006,2025-02-02,3,7.7,57.9
152,1006,2025-02-03,4,6.4,65.1
153,1006,2025-02-04,3,8.3,62.3
154,1006,2025-02-05,4,7.2,58.7
155,1006,2025-02-06,4,7.5,63.0
156,1006,2025-02-07,2,8.9,61.4
157,1006,2025-02-08,2,6.8,52.6
158,1006,2025-02-09,2,7.9,53.9
159,1006,2025-02-10,4,7.2,75.6
160,1006,2025-02-11,1,7.4,60.7
161,1006,2025-02-12,4,7.3,64.7
162,1006,2025-02-13,1,7.5,43.5
163,1006,2025-02-14,2,8.2,68.9
164,1006,2025-02-15,3,6.5,48.6
165,1006,2025-02-16,1,8.8,15.0
166,1006,2025-02-17,5,8.3,70.0
167,1006,2025-02-18,4,6.1,62.7
168,1006,2025-02-19,7,7.1,71.8
169,1006,2025-02-20,2,6.9,58.4
170,1006,2025-02-21,7,8.8,79.6
171,1006,2025-02-22,0,7.4,43.0
172,1006,2025-02-23,1,8.4,47.9
173,1006,2025-02-24,3,7.8,44.8
174,1006,2025-02-25,1,7.1,48.4
175,1006,2025-02-26,6,8.5,68.1
176,1006,2025-02-27,3,8.0,62.6
177,1006,2025-02-28,5,7.1,69.4
178,1006,2025-03-01,1,8.1,37.8
179,1006,2025-03-02,2,9.1,45.7
180,1007,2025-02-01,2,8.0,54.2
181,1007,2025-02-02,4,8.1,68.3
182,1007,2025-02-03,3,8.5,53.9
183,1007,2025-02-04,1,6.2,47.1
184,1007,2025-02-05,3,7.6,64.5
185,1007,2025-02-06,2,8.2,51.6
186,1007,2025-02-07,0,8.6,37.9
187,1007,2025-02-08,3,6.2,60.6
188,1007,2025-02-09,1,5.9,48.2
189,1007,2025-02-10,0,7.3,48.5
190,1007,2025-02-11,7,7.6,71.5
191,1007,2025-02-12,5,6.3,63.2
192,1007,2025-02-13,4,7.0,61.3
193,1007,2025-02-14,3,6.4,50.7
194,1007,2025-02-15,1,7.1,51.6
195,1007,2025-02-16,3,8.1,58.1
196,1007,2025-02-17,4,7.2,52.9
197,1007,2025-02-18,2,7.5,56.6
198,1007,2025-02-19,2,7.6,51.7
199,1007,2025-02-20,1,8.0,51.1
200,1007,2025-02-21,3,6.9,63.6
201,1007,2025-02-22,1,7.4,47.4
202,1007,2025-02-23,4,7.9,68.5
203,1007,2025-02-24,1,6.1,51.2
204,1007,2025-02-25,3,8.6,55.9
205,1007,2025-02-26,5,7.8,53.8
206,1007,2025-02-27,4,6.2,71.7
207,1007,2025-02-28,2,8.0,58.8
208,1007,2025-03-01,2,7.6,60.0
209,1007,2025-03-02,3,6.9,47.3
210,1008,2025-02-01,4,6.5,64.1
211,1008,2025-02-02,1,6.7,52.9
212,1008,2025-02-03,4,8.1,71.8
213,1008,2025-02-04,4,7.4,58.9
214,1008,2025-02-05,1,8.3,46.1
215,1008,2025-02-06,1,8.7,48.7
216,1008,2025-02-07,2,7.5,63.2
217,1008,2025-02-08,4,7.9,55.1
218,1008,2025-02-09,5,6.5,69.4
219,1008,2025-02-10,2,7.5,53.8
220,1008,2025-02-11,8,7.0,73.3
221,1008,2025-02-12,3,6.3,60.4
222,1008,2025-02-13,5,6.4,66.0
223,1008,2025-02-14,3,8.3,62.5
224,1008,2025-02-15,0,9.4,47.3
225,1008,2025-02-16,3,8.2,65.4
226,1008,2025-02-17,3,7.2,52.5
227,1008,2025-02-18,2,8.0,52.5
228,1008,2025-02-19,2,9.2,55.2
229,1008,2025-02-20,3,8.1,63.2
230,1008,2025-02-21,3,6.6,60.8
231,1008,2025-02-22,5,7.9,71.2
232,1008,2025-02-23,2,6.8,54.9
233,1008,2025-02-24,2,8.9,56.5
234,1008,2025-02-25,2,6.5,59.2
235,1008,2025-02-26,1,7.46295193534666,50.8
236,1008,2025-02-27,1,7.4,55.6
237,1008,2025-02-28,1,8.5,50.4
238,1008,2025-03-01,2,6.1,53.4
239,1008,2025-03-02,2,7.4,56.9
240,1009,2025-02-01,0,7.6,53.6
241,1009,2025-02-02,2,7.9,44.6
242,1009,2025-02-03,0,6.8,15.0
243,1009,2025-02-04,2,8.0,51.3
244,1009,2025-02-05,1,7.3,52.3
245,1009,2025-02-06,5,7.4,69.8
246,1009,2025-02-07,3,7.6,54.1
247,1009,2025-02-08,2,6.4,51.6
248,1009,2025-02-09,5,9.1,71.9
249,1009,2025-02-10,4,7.5,67.4
250,1009,2025-02-11,9,7.7,74.7
251,1009,2025-02-12,3,9.4,57.8
252,1009,2025-02-13,2,8.2,50.0
253,1009,2025-02-14,4,7.5,65.2
254,1009,2025-02-15,3,9.5,54.9
255,1009,2025-02-16,7,7.8,69.2
256,1009,2025-02-17,2,8.1,51.4
257,1009,2025-02-18,4,7.8,61.5
258,1009,2025-02-19,2,6.9,58.7
259,1009,2025-02-20,4,6.9,74.0
260,1009,2025-02-21,4,7.1,71.4
261,1009,2025-02-22,5,5.9,66.2
262,1009,2025-02-23,4,7.3,58.6
263,1009,2025-02-24,4,7.8,63.3
264,1009,2025-02-25,2,8.4,46.5
265,1009,2025-02-26,2,7.6,55.7
266,1009,2025-02-27,6,7.8,73.6
267,1009,2025-02-28,1,6.6,46.9
268,1009,2025-03-01,3,7.4,60.2
269,1009,2025-03-02,5,7.5,71.2
270,1010,2025-02-01,1,9.0,49.3
271,1010,2025-02-02,6,7.2,69.8
272,1010,2025-02-03,2,6.4,58.9
273,1010,2025-02-04,2,7.8,47.9
274,1010,2025-02-05,6,8.5,76.6
275,1010,2025-02-06,0,7.6,44.2
276,1010,2025-02-07,2,9.0,46.4
277,1010,2025-02-08,4,6.7,56.8
278,1010,2025-02-09,2,7.1,55.8
279,1010,2025-02-10,5,7.3,58.7
280,1010,2025-02-11,1,7.3,47.1
281,1010,2025-02-12,4,7.46295193534666,66.9
282,1010,2025-02-13,0,8.5,36.5
283,1010,2025-02-14,4,8.8,53.4
284,1010,2025-02-15,0,7.4,42.6
285,1010,2025-02-16,1,5.2,54.7
286,1010,2025-02-17,1,10.3,43.5
287,1010,2025-02-18,1,4.9,43.1
288,1010,2025-02-19,1,7.46295193534666,52.1
289,1010,2025-02-20,2,8.0,62.4
290,1010,2025-02-21,2,6.9,48.3
291,1010,2025-02-22,3,9.0,57.9
292,1010,2025-02-23,4,7.4,62.2
293,1010,2025-02-24,3,6.4,48.9
294,1010,2025-02-25,5,6.8,65.6
295,1010,2025-02-26,1,8.5,50.3
296,1010,2025-02-27,4,7.0,67.1
297,1010,2025-02-28,3,8.4,61.6
298,1010,2025-03-01,1,6.6,64.0
299,1010,2025-03-02,4,6.8,70.5
300,1011,2025-02-01,2,6.1,48.1
301,1011,2025-02-02,3,5.8,60.8
302,1011,2025-02-03,2,6.9,52.7
303,1011,2025-02-04,4,7.3,73.7
304,1011,2025-02-05,4,7.4,66.8
305,1011,2025-02-06,8,5.8,68.3
306,1011,2025-02-07,2,6.1,53.6
307,1011,2025-02-08,5,7.7,70.4
308,1011,2025-02-09,2,8.1,54.8
309,1011,2025-02-10,1,7.5,46.1
310,1011,2025-02-11,9,8.4,72.5
311,1011,2025-02-12,5,8.1,61.3
312,1011,2025-02-13,6,6.0,79.7
313,1011,2025-02-14,3,7.4,54.3
314,1011,2025-02-15,3,8.0,60.8
315,1011,2025-02-16,3,7.3,61.9
316,1011,2025-02-17,3,9.1,60.5
317,1011,2025-02-18,3,6.2,58.8
318,1011,2025-02-19,5,7.2,68.7
319,1011,2025-02-20,5,7.8,72.8
320,1011,2025-02-21,1,7.4,51.8
321,1011,2025-02-22,4,8.7,62.8
322,1011,2025-02-23,0,6.4,36.8
323,1011,2025-02-24,2,10.3,48.8
324,1011,2025-02-25,4,8.6,62.4
325,1011,2025-02-26,5,7.7,59.6
326,1011,2025-02-27,1,7.9,49.4
327,1011,2025-02-28,2,5.4,45.7
328,1011,2025-03-01,0,8.2,35.6
329,1011,2025-03-02,3,7.2,58.7
330,1012,2025-02-01,3,9.2,59.2
331,1012,2025-02-02,2,8.0,64.4
332,1012,2025-02-03,4,6.8,58.0
333,1012,2025-02-04,6,7.3,69.8
334,1012,2025-02-05,3,6.7,58.7
335,1012,2025-02-06,0,6.1,35.0
336,1012,2025-02-07,4,7.5,57.9
337,1012,2025-02-08,2,7.8,56.8
338,1012,2025-02-09,6,7.8,72.0
339,1012,2025-02-10,0,8.1,41.1
340,1012,2025-02-11,4,8.9,60.6
341,1012,2025-02-12,5,9.4,71.4
342,1012,2025-02-13,4,8.1,64.1
343,1012,2025-02-14,3,7.7,64.2
344,1012,2025-02-15,7,7.8,73.0
345,1012,2025-02-16,0,9.5,51.2
346,1012,2025-02-17,2,6.8,58.7
347,1012,2025-02-18,4,7.8,52.4
348,1012,2025-02-19,2,7.7,48.6
349,1012,2025-02-20,2,6.1,45.0
350,1012,2025-02-21,2,9.0,46.6
351,1012,2025-02-22,3,9.1,63.7
352,1012,2025-02-23,3,6.8,49.0
353,1012,2025-02-24,3,8.2,55.2
354,1012,2025-02-25,5,7.4,68.9
355,1012,2025-02-26,3,8.6,64.2
356,1012,2025-02-27,4,7.2,62.7
357,1012,2025-02-28,7,9.1,72.2
358,1012,2025-03-01,2,7.3,68.6
359,1012,2025-03-02,6,6.9,75.6
360,1013,2025-02-01,1,6.6,53.6
361,1013,2025-02-02,3,7.0,55.9
362,1013,2025-02-03,5,10.4,73.7
363,1013,2025-02-04,0,8.3,44.1
364,1013,2025-02-05,3,6.6,59.5
365,1013,2025-02-06,3,8.0,57.3
366,1013,2025-02-07,5,7.6,67.9
367,1013,2025-02-08,3,8.3,56.5
368,1013,2025-02-09,4,7.6,70.0
369,1013,2025-02-10,2,8.5,55.6
370,1013,2025-02-11,5,7.6,65.4
371,1013,2025-02-12,2,9.4,55.1
372,1013,2025-02-13,3,7.1,59.7
373,1013,2025-02-14,0,7.3,45.2
374,1013,2025-02-15,0,6.5,40.3
375,1013,2025-02-16,3,7.3,57.3
376,1013,2025-02-17,0,8.6,51.7
377,1013,2025-02-18,1,7.2,48.2
378,1013,2025-02-19,4,7.1,67.7
379,1013,2025-02-20,1,8.2,51.3
380,1013,2025-02-21,1,7.2,43.9
381,1013,2025-02-22,7,7.3,69.7
382,1013,2025-02-23,0,7.8,43.2
383,1013,2025-02-24,4,9.0,67.0
384,1013,2025-02-25,1,7.0,43.0
385,1013,2025-02-26,2,8.5,50.9
386,1013,2025-02-27,4,7.0,66.9
387,1013,2025-02-28,1,6.3,59.2
388,1013,2025-03-01,1,8.5,51.9
389,1013,2025-03-02,2,6.8,52.5
390,1014,2025-02-01,5,7.0,70.8
391,1014,2025-02-02,5,6.8,51.0
392,1014,2025-02-03,4,6.3,66.0
393,1014,2025-02-04,3,7.0,64.6
394,1014,2025-02-05,5,6.9,77.0
395,1014,2025-02-06,1,7.4,47.8
396,1014,2025-02-07,2,8.7,50.1
397,1014,2025-02-08,2,7.2,48.9
398,1014,2025-02-09,3,8.6,61.8
399,1014,2025-02-10,2,8.9,55.7
400,1014,2025-02-11,5,9.3,68.8
401,1014,2025-02-12,1,7.7,48.7
402,1014,2025-02-13,7,7.8,75.1
403,1014,2025-02-14,4,8.4,58.1
404,1014,2025-02-15,2,6.6,52.3
405,1014,2025-02-16,5,6.8,62.0
406,1014,2025-02-17,3,8.1,59.3
407,1014,2025-02-18,2,8.9,53.1
408,1014,2025-02-19,2,8.2,54.6
409,1014,2025-02-20,2,8.1,70.5
410,1014,2025-02-21,0,7.8,44.1
411,1014,2025-02-22,2,8.9,62.5
412,1014,2025-02-23,3,8.1,57.4
413,1014,2025-02-24,3,7.9,61.9
414,1014,2025-02-25,1,7.4,53.3
415,1014,2025-02-26,2,6.1,49.5
416,1014,2025-02-27,3,4.6,62.4
417,1014,2025-02-28,3,5.8,62.5
418,1014,2025-03-01,4,8.3,59.1
419,1014,2025-03-02,2,8.6,42.3
420,1015,2025-02-01,2,6.0,49.5
421,1015,2025-02-02,5,7.4,15.0
422,1015,2025-02-03,3,6.1,50.0
423,1015,2025-02-04,2,8.1,65.7
424,1015,2025-02-05,5,6.5,47.6
425,1015,2025-02-06,2,7.4,53.9
426,1015,2025-02-07,5,5.2,69.4
427,1015,2025-02-08,5,8.6,59.9
428,1015,2025-02-09,0,6.9,48.5
429,1015,2025-02-10,5,5.8,68.7
430,1015,2025-02-11,7,8.4,69.9
431,1015,2025-02-12,2,6.3,54.1
432,1015,2025-02-13,3,9.0,56.1
433,1015,2025-02-14,3,6.9,58.9
434,1015,2025-02-15,4,8.2,63.4
435,1015,2025-02-16,3,7.6,59.6
436,1015,2025-02-17,1,7.9,55.3
437,1015,2025-02-18,1,7.9,52.9
438,1015,2025-02-19,4,7.7,63.7
439,1015,2025-02-20,1,7.1,57.3
440,1015,2025-02-21,2,7.5,53.9
441,1015,2025-02-22,4,7.5,62.0
442,1015,2025-02-23,5,7.7,68.2
443,1015,2025-02-24,2,7.2,55.4
444,1015,2025-02-25,5,8.9,48.6
445,1015,2025-02-26,2,7.6,55.6
446,1015,2025-02-27,3,7.3,59.0
447,1015,2025-02-28,5,9.0,68.2
448,1015,2025-03-01,4,7.9,61.4
449,1015,2025-03-02,7,7.8,77.2
450,1016,2025-02-01,2,6.2,57.5
451,1016,2025-02-02,1,7.9,56.3
452,1016,2025-02-03,2,7.6,62.6
453,1016,2025-02-04,1,6.6,41.2
454,1016,2025-02-05,2,5.4,50.5
455,1016,2025-02-06,2,7.4,58.9
456,1016,2025-02-07,4,7.2,67.2
457,1016,2025-02-08,3,7.9,64.0
458,1016,2025-02-09,2,8.7,62.9
459,1016,2025-02-10,2,7.6,58.8
460,1016,2025-02-11,3,5.8,69.8
461,1016,2025-02-12,4,7.0,60.3
462,1016,2025-02-13,3,6.9,61.1
463,1016,2025-02-14,1,8.3,56.2
464,1016,2025-02-15,7,9.1,84.0
465,1016,2025-02-16,4,6.1,63.6
466,1016,2025-02-17,7,9.0,70.6
467,1016,2025-02-18,3,8.0,66.2
468,1016,2025-02-19,0,8.7,46.7
469,1016,2025-02-20,4,7.46295193534666,65.4
470,1016,2025-02-21,3,7.8,65.2
471,1016,2025-02-22,3,6.0,15.0
472,1016,2025-02-23,3,8.2,55.2
473,1016,2025-02-24,3,7.8,53.7
474,1016,2025-02-25,6,8.4,71.6
475,1016,2025-02-26,3,8.8,59.8
476,1016,2025-02-27,3,7.0,68.6
477,1016,2025-02-28,4,6.7,63.7
478,1016,2025-03-01,0,7.1,41.5
479,1016,2025-03-02,5,8.0,44.3
480,1017,2025-02-01,2,7.5,58.5
481,1017,2025-02-02,6,8.2,69.7
482,1017,2025-02-03,1,8.0,40.6
483,1017,2025-02-04,8,8.2,79.3
484,1017,2025-02-05,5,8.1,70.3
485,1017,2025-02-06,5,7.3,68.4
486,1017,2025-02-07,5,6.2,68.2
487,1017,2025-02-08,3,5.7,62.2
488,1017,2025-02-09,4,7.6,69.2
489,1017,2025-02-10,5,8.6,67.6
490,1017,2025-02-11,3,7.8,61.6
491,1017,2025-02-12,5,6.7,70.2
492,1017,2025-02-13,5,6.9,58.1
493,1017,2025-02-14,0,7.2,40.3
494,1017,2025-02-15,4,8.0,54.6
495,1017,2025-02-16,5,7.0,63.4
496,1017,2025-02-17,4,7.1,64.8
497,1017,2025-02-18,3,9.0,60.4
498,1017,2025-02-19,3,7.6,64.5
499,1017,2025-02-20,2,8.3,54.8
500,1017,2025-02-21,3,6.6,57.1
501,1017,2025-02-22,2,7.7,47.7
502,1017,2025-02-23,0,7.1,51.1
503,1017,2025-02-24,4,7.5,58.7
504,1017,2025-02-25,0,7.46295193534666,44.5
505,1017,2025-02-26,1,8.1,52.2
506,1017,2025-02-27,2,7.5,53.7
507,1017,2025-02-28,4,6.7,76.7
508,1017,2025-03-01,1,6.7,51.0
509,1017,2025-03-02,6,7.0,67.5
510,1018,2025-02-01,3,8.3,62.7
511,1018,2025-02-02,4,9.5,67.2
512,1018,2025-02-03,5,8.7,62.5
513,1018,2025-02-04,5,6.5,54.5
514,1018,2025-02-05,3,7.7,62.6
515,1018,2025-02-06,4,7.3,72.6
516,1018,2025-02-07,1,8.4,40.1
517,1018,2025-02-08,3,8.7,59.1
518,1018,2025-02-09,6,6.6,59.7
519,1018,2025-02-10,1,7.3,60.5
520,1018,2025-02-11,4,6.9,64.2
521,1018,2025-02-12,4,6.7,59.1
522,1018,2025-02-13,0,9.0,52.6
523,1018,2025-02-14,3,6.3,67.2
524,1018,2025-02-15,2,6.1,50.0
525,1018,2025-02-16,1,6.4,46.6
526,1018,2025-02-17,3,8.4,57.6
527,1018,2025-02-18,3,7.3,51.5
528,1018,2025-02-19,4,8.7,71.3
529,1018,2025-02-20,2,9.1,58.9
530,1018,2025-02-21,1,6.7,50.3
531,1018,2025-02-22,3,6.2,59.3
532,1018,2025-02-23,3,8.5,56.0
533,1018,2025-02-24,5,7.1,47.4
534,1018,2025-02-25,6,7.4,71.2
535,1018,2025-02-26,1,8.6,48.1
536,1018,2025-02-27,3,8.0,54.1
537,1018,2025-02-28,3,6.0,57.5
538,1018,2025-03-01,4,8.0,67.0
539,1018,2025-03-02,3,7.4,58.3
540,1019,2025-02-01,5,7.9,68.0
541,1019,2025-02-02,5,7.8,67.9
542,1019,2025-02-03,0,6.5,49.2
543,1019,2025-02-04,2,7.6,51.1
544,1019,2025-02-05,4,6.9,62.2
545,1019,2025-02-06,5,7.6,63.2
546,1019,2025-02-07,1,8.0,42.1
547,1019,2025-02-08,1,7.46295193534666,53.2
548,1019,2025-02-09,4,8.1,64.4
549,1019,2025-02-10,5,7.8,64.9
550,1019,2025-02-11,2,7.7,60.3
551,1019,2025-02-12,1,8.1,48.7
552,1019,2025-02-13,5,5.9,76.7
553,1019,2025-02-14,3,5.7,52.3
554,1019,2025-02-15,7,8.1,70.6
555,1019,2025-02-16,7,7.7,77.0
556,1019,2025-02-17,1,7.2,50.5
557,1019,2025-02-18,2,9.4,60.7
558,1019,2025-02-19,3,6.5,38.3
559,1019,2025-02-20,2,6.8,59.1
560,1019,2025-02-21,3,7.9,53.2
561,1019,2025-02-22,1,7.5,54.8
562,1019,2025-02-23,5,7.1,64.2
563,1019,2025-02-24,2,6.0,41.4
564,1019,2025-02-25,2,7.2,57.5
565,1019,2025-02-26,7,6.8,74.8
566,1019,2025-02-27,5,8.8,62.9
567,1019,2025-02-28,5,6.3,61.3
568,1019,2025-03-01,3,7.1,66.6
569,1019,2025-03-02,0,7.6,50.1
570,1020,2025-02-01,0,7.1,50.0
571,1020,2025-02-02,3,7.5,64.1
572,1020,2025-02-03,2,7.0,38.4
573,1020,2025-02-04,6,7.0,74.1
574,1020,2025-02-05,1,7.4,54.1
575,1020,2025-02-06,5,8.3,76.8
576,1020,2025-02-07,2,6.5,48.5
577,1020,2025-02-08,3,9.0,58.1
578,1020,2025-02-09,0,6.8,51.7
579,1020,2025-02-10,2,9.3,49.6
580,1020,2025-02-11,1,9.1,42.8
581,1020,2025-02-12,2,7.3,49.4
582,1020,2025-02-13,5,7.3,56.5
583,1020,2025-02-14,0,6.4,41.5
584,1020,2025-02-15,3,6.2,68.8
585,1020,2025-02-16,2,8.7,51.8
586,1020,2025-02-17,1,8.5,55.9
587,1020,2025-02-18,0,7.7,41.1
588,1020,2025-02-19,3,7.2,60.7
589,1020,2025-02-20,2,7.4,61.5
590,1020,2025-02-21,5,6.4,73.9
591,1020,2025-02-22,3,6.1,50.2
592,1020,2025-02-23,2,7.0,45.9
593,1020,2025-02-24,4,8.2,66.0
594,1020,2025-02-25,5,7.0,69.2
595,1020,2025-02-26,5,8.0,68.7
596,1020,2025-02-27,5,7.1,65.6
597,1020,2025-02-28,3,7.6,58.9
598,1020,2025-03-01,0,8.5,46.6
599,1020,2025-03-02,0,5.6,51.5
600,1021,2025-02-01,2,7.5,48.9
601,1021,2025-02-02,8,7.4,69.4
602,1021,2025-02-03,5,6.3,73.1
603,1021,2025-02-04,3,8.2,59.8
604,1021,2025-02-05,3,5.9,59.0
605,1021,2025-02-06,2,7.6,58.3
606,1021,2025-02-07,4,4.9,61.1
607,1021,2025-02-08,2,7.0,54.9
608,1021,2025-02-09,2,6.7,47.4
609,1021,2025-02-10,2,8.3,58.1
610,1021,2025-02-11,3,5.4,59.4
611,1021,2025-02-12,6,6.3,69.7
612,1021,2025-02-13,5,7.0,66.6
613,1021,2025-02-14,2,7.4,52.4
614,1021,2025-02-15,3,7.7,61.7
615,1021,2025-02-16,4,9.0,66.5
616,1021,2025-02-17,4,6.1,55.4
617,1021,2025-02-18,6,7.5,62.1
618,1021,2025-02-19,4,8.0,65.6
619,1021,2025-02-20,2,5.1,58.0
620,1021,2025-02-21,4,6.9,62.3
621,1021,2025-02-22,3,8.6,58.4
622,1021,2025-02-23,3,6.8,53.2
623,1021,2025-02-24,6,7.3,71.3
624,1021,2025-02-25,0,7.4,39.9
625,1021,2025-02-26,2,7.1,54.8
626,1021,2025-02-27,3,7.2,56.1
627,1021,2025-02-28,2,5.8,59.8
628,1021,2025-03-01,1,7.5,43.1
629,1021,2025-03-02,4,7.5,64.6
630,1022,2025-02-01,1,7.46295193534666,39.7
631,1022,2025-02-02,2,10.1,48.0
632,1022,2025-02-03,3,8.7,61.2
633,1022,2025-02-04,6,7.46295193534666,61.3
634,1022,2025-02-05,4,8.5,67.9
635,1022,2025-02-06,1,6.6,53.8
636,1022,2025-02-07,6,6.5,67.8
637,1022,2025-02-08,4,7.0,67.7
638,1022,2025-02-09,4,8.6,61.3
639,1022,2025-02-10,2,6.7,61.3
640,1022,2025-02-11,1,6.1,49.9
641,1022,2025-02-12,2,8.5,46.5
642,1022,2025-02-13,3,5.7,56.5
643,1022,2025-02-14,3,7.4,57.6
644,1022,2025-02-15,4,6.5,64.7
645,1022,2025-02-16,3,7.1,60.8
646,1022,2025-02-17,3,7.9,68.3
647,1022,2025-02-18,3,6.1,53.6
648,1022,2025-02-19,6,7.1,75.1
649,1022,2025-02-20,3,6.3,59.1
650,1022,2025-02-21,2,6.9,53.5
651,1022,2025-02-22,0,8.1,42.3
652,1022,2025-02-23,4,8.2,61.7
653,1022,2025-02-24,3,7.8,56.3
654,1022,2025-02-25,0,7.6,50.0
655,1022,2025-02-26,2,4.9,58.0
656,1022,2025-02-27,1,7.2,48.6
657,1022,2025-02-28,3,6.6,52.2
658,1022,2025-03-01,2,8.0,49.9
659,1022,2025-03-02,3,9.5,59.5
660,1023,2025-02-01,2,7.4,62.5
661,1023,2025-02-02,4,6.7,66.1
662,1023,2025-02-03,1,7.5,55.4
663,1023,2025-02-04,3,6.3,58.2
664,1023,2025-02-05,5,6.7,70.5
665,1023,2025-02-06,5,7.8,67.4
666,1023,2025-02-07,2,6.9,52.5
667,1023,2025-02-08,4,9.8,58.9
668,1023,2025-02-09,4,8.5,62.8
669,1023,2025-02-10,3,6.0,59.1
670,1023,2025-02-11,3,7.1,59.9
671,1023,2025-02-12,1,6.7,50.2
672,1023,2025-02-13,6,7.3,71.9
673,1023,2025-02-14,3,6.5,56.7
674,1023,2025-02-15,3,7.6,60.3
675,1023,2025-02-16,1,6.8,41.0
676,1023,2025-02-17,5,7.0,68.5
677,1023,2025-02-18,3,5.2,52.2
678,1023,2025-02-19,3,8.0,60.4
679,1023,2025-02-20,1,6.4,51.0
680,1023,2025-02-21,4,6.1,64.4
681,1023,2025-02-22,3,7.2,66.0
682,1023,2025-02-23,3,6.9,61.9
683,1023,2025-02-24,4,8.7,65.9
684,1023,2025-02-25,4,7.46295193534666,73.7
685,1023,2025-02-26,1,7.9,44.0
686,1023,2025-02-27,3,7.4,58.2
687,1023,2025-02-28,0,7.0,56.8
688,1023,2025-03-01,3,8.4,59.9
689,1023,2025-03-02,7,7.8,72.3
690,1024,2025-02-01,1,6.2,46.3
691,1024,2025-02-02,3,6.3,58.7
692,1024,2025-02-03,3,9.1,67.6
693,1024,2025-02-04,4,8.2,68.4
694,1024,2025-02-05,4,8.6,56.1
695,1024,2025-02-06,5,6.4,62.4
696,1024,2025-02-07,5,6.8,62.6
697,1024,2025-02-08,4,6.7,58.1
698,1024,2025-02-09,0,7.0,48.4
699,1024,2025-02-10,5,7.2,75.6
700,1024,2025-02-11,4,8.6,59.8
701,1024,2025-02-12,2,7.3,52.0
702,1024,2025-02-13,0,7.46295193534666,46.4
703,1024,2025-02-14,3,9.2,67.7
704,1024,2025-02-15,0,8.9,53.4
705,1024,2025-02-16,0,8.1,37.3
706,1024,2025-02-17,3,9.1,66.1
707,1024,2025-02-18,8,8.2,74.4
708,1024,2025-02-19,1,7.0,52.1
709,1024,2025-02-20,2,7.5,45.8
710,1024,2025-02-21,3,5.6,51.4
711,1024,2025-02-22,5,7.6,64.2
712,1024,2025-02-23,5,6.6,64.2
713,1024,2025-02-24,1,7.46295193534666,43.3
714,1024,2025-02-25,6,7.8,74.6
715,1024,2025-02-26,1,7.1,49.7
716,1024,2025-02-27,4,6.9,65.7
717,1024,2025-02-28,6,9.1,75.3
718,1024,2025-03-01,2,7.3,56.6
719,1024,2025-03-02,4,8.3,65.0
720,1025,2025-02-01,3,5.7,55.0
721,1025,2025-02-02,1,7.3,52.2
722,1025,2025-02-03,6,5.6,72.2
723,1025,2025-02-04,5,6.3,71.3
724,1025,2025-02-05,2,7.6,56.8
725,1025,2025-02-06,3,8.5,66.5
726,1025,2025-02-07,6,7.9,69.1
727,1025,2025-02-08,1,6.5,56.7
728,1025,2025-02-09,0,7.9,110.0
729,1025,2025-02-10,6,8.3,66.2
730,1025,2025-02-11,4,8.4,63.3
731,1025,2025-02-12,7,8.2,67.4
732,1025,2025-02-13,1,6.7,46.9
733,1025,2025-02-14,3,7.9,65.2
734,1025,2025-02-15,5,7.2,65.8
735,1025,2025-02-16,4,7.0,65.7
736,1025,2025-02-17,0,7.9,46.3
737,1025,2025-02-18,2,6.2,47.1
738,1025,2025-02-19,3,7.8,49.1
739,1025,2025-02-20,0,6.4,40.2
740,1025,2025-02-21,2,7.7,59.1
741,1025,2025-02-22,5,8.1,72.4
742,1025,2025-02-23,1,8.1,53.3
743,1025,2025-02-24,0,8.8,49.1
744,1025,2025-02-25,2,5.8,54.8
745,1025,2025-02-26,2,6.2,60.1
746,1025,2025-02-27,5,7.4,58.7
747,1025,2025-02-28,3,8.1,65.7
748,1025,2025-03-01,4,8.4,55.6
749,1025,2025-03-02,1,7.1,46.1
750,1026,2025-02-01,4,8.0,68.9
751,1026,2025-02-02,3,6.0,64.4
752,1026,2025-02-03,5,7.2,61.4
753,1026,2025-02-04,5,5.9,66.1
754,1026,2025-02-05,1,8.4,46.2
755,1026,2025-02-06,5,6.3,77.9
756,1026,2025-02-07,2,7.0,58.0
757,1026,2025-02-08,4,7.1,60.5
758,1026,2025-02-09,6,7.3,71.4
759,1026,2025-02-10,1,8.9,44.8
760,1026,2025-02-11,1,8.4,35.4
761,1026,2025-02-12,3,7.0,15.0
762,1026,2025-02-13,1,6.8,40.2
763,1026,2025-02-14,4,7.1,68.1
764,1026,2025-02-15,7,6.3,74.9
765,1026,2025-02-16,1,6.7,48.7
766,1026,2025-02-17,5,6.9,41.8
767,1026,2025-02-18,1,5.1,48.8
768,1026,2025-02-19,2,8.7,63.7
769,1026,2025-02-20,0,7.7,51.0
770,1026,2025-02-21,1,7.2,48.9
771,1026,2025-02-22,2,7.4,62.1
772,1026,2025-02-23,3,7.9,56.1
773,1026,2025-02-24,3,7.8,62.2
774,1026,2025-02-25,2,7.2,58.2
775,1026,2025-02-26,2,6.3,51.0
776,1026,2025-02-27,4,8.5,66.0
777,1026,2025-02-28,5,9.0,78.3
778,1026,2025-03-01,4,7.3,55.8
779,1026,2025-03-02,1,6.6,54.6
780,1027,2025-02-01,2,6.7,50.5
781,1027,2025-02-02,3,7.7,59.6
782,1027,2025-02-03,2,8.4,53.2
783,1027,2025-02-04,4,7.5,59.5
784,1027,2025-02-05,2,6.6,46.3
785,1027,2025-02-06,3,6.5,51.8
786,1027,2025-02-07,4,8.7,59.0
787,1027,2025-02-08,9,8.2,72.4
788,1027,2025-02-09,0,7.9,39.2
789,1027,2025-02-10,1,8.0,59.1
790,1027,2025-02-11,3,8.4,67.9
791,1027,2025-02-12,0,8.1,51.4
792,1027,2025-02-13,5,8.7,64.7
793,1027,2025-02-14,3,8.8,61.1
794,1027,2025-02-15,1,6.4,55.1
795,1027,2025-02-16,0,8.1,48.9
796,1027,2025-02-17,4,8.3,66.9
797,1027,2025-02-18,0,5.7,41.1
798,1027,2025-02-19,4,7.8,57.6
799,1027,2025-02-20,0,8.8,56.1
800,1027,2025-02-21,5,6.3,46.7
801,1027,2025-02-22,3,7.1,63.4
802,1027,2025-02-23,5,6.9,72.9
803,1027,2025-02-24,2,6.1,45.1
804,1027,2025-02-25,2,7.1,54.8
805,1027,2025-02-26,2,8.6,45.7
806,1027,2025-02-27,2,6.3,53.5
807,1027,2025-02-28,0,7.1,41.8
808,1027,2025-03-01,2,7.2,62.8
809,1027,2025-03-02,4,7.9,59.7
810,1028,2025-02-01,5,8.6,70.5
811,1028,2025-02-02,4,6.1,64.8
812,1028,2025-02-03,6,7.9,75.8
813,1028,2025-02-04,2,6.8,48.2
814,1028,2025-02-05,5,7.3,72.9
815,1028,2025-02-06,2,8.7,54.2
816,1028,2025-02-07,2,7.1,58.4
817,1028,2025-02-08,4,8.4,70.1
818,1028,2025-02-09,3,8.1,58.0
819,1028,2025-02-10,2,7.9,40.8
820,1028,2025-02-11,0,8.5,46.5
821,1028,2025-02-12,2,7.8,45.4
822,1028,2025-02-13,1,6.3,43.1
823,1028,2025-02-14,3,7.8,72.0
824,1028,2025-02-15,5,5.5,76.4
825,1028,2025-02-16,2,8.0,53.1
826,1028,2025-02-17,8,9.4,77.4
827,1028,2025-02-18,6,8.1,69.6
828,1028,2025-02-19,4,8.9,58.8
829,1028,2025-02-20,4,8.4,60.1
830,1028,2025-02-21,2,7.4,56.4
831,1028,2025-02-22,3,7.7,68.5
832,1028,2025-02-23,3,9.1,71.3
833,1028,2025-02-24,2,8.6,51.9
834,1028,2025-02-25,5,7.0,57.2
835,1028,2025-02-26,5,7.7,74.8
836,1028,2025-02-27,2,7.5,51.4
837,1028,2025-02-28,1,7.9,49.5
838,1028,2025-03-01,0,9.0,45.7
839,1028,2025-03-02,2,8.4,41.9
840,1029,2025-02-01,5,6.4,61.2
841,1029,2025-02-02,2,8.0,62.6
842,1029,2025-02-03,0,9.6,46.2
843,1029,2025-02-04,6,8.8,72.0
844,1029,2025-02-05,2,8.1,55.3
845,1029,2025-02-06,2,7.5,52.6
846,1029,2025-02-07,3,5.8,55.4
847,1029,2025-02-08,4,6.8,64.6
848,1029,2025-02-09,5,7.5,66.4
849,1029,2025-02-10,2,7.3,61.0
850,1029,2025-02-11,1,7.9,41.2
851,1029,2025-02-12,7,10.0,68.8
852,1029,2025-02-13,1,7.46295193534666,45.9
853,1029,2025-02-14,6,7.2,63.8
854,1029,2025-02-15,3,7.5,51.9
855,1029,2025-02-16,5,5.7,77.5
856,1029,2025-02-17,4,7.2,64.2
857,1029,2025-02-18,1,7.4,45.4
858,1029,2025-02-19,4,7.46295193534666,53.7
859,1029,2025-02-20,1,8.0,42.2
860,1029,2025-02-21,3,9.0,51.4
861,1029,2025-02-22,0,8.9,42.9
862,1029,2025-02-23,3,5.5,69.9
863,1029,2025-02-24,2,7.5,51.6
864,1029,2025-02-25,6,7.1,68.1
865,1029,2025-02-26,11,7.6,75.9
866,1029,2025-02-27,0,7.46295193534666,53.2
867,1029,2025-02-28,4,5.4,53.8
868,1029,2025-03-01,4,5.5,62.9
869,1029,2025-03-02,1,6.1,42.6
870,1030,2025-02-01,3,8.0,47.0
871,1030,2025-02-02,5,7.3,64.0
872,1030,2025-02-03,4,7.46295193534666,70.8
873,1030,2025-02-04,3,6.8,50.5
874,1030,2025-02-05,3,7.7,56.4
875,1030,2025-02-06,3,6.9,56.0
876,1030,2025-02-07,3,7.9,56.0
877,1030,2025-02-08,4,6.8,58.7
878,1030,2025-02-09,2,6.4,50.8
879,1030,2025-02-10,3,7.46295193534666,71.8
880,1030,2025-02-11,2,6.6,66.0
881,1030,2025-02-12,3,8.5,59.2
882,1030,2025-02-13,2,7.2,43.8
883,1030,2025-02-14,1,8.8,54.3
884,1030,2025-02-15,5,9.0,67.2
885,1030,2025-02-16,5,8.7,64.9
886,1030,2025-02-17,5,8.3,52.3
887,1030,2025-02-18,3,5.3,53.4
888,1030,2025-02-19,2,6.8,54.6
889,1030,2025-02-20,1,7.2,48.3
890,1030,2025-02-21,3,7.46295193534666,55.4
891,1030,2025-02-22,2,10.3,54.7
892,1030,2025-02-23,7,9.4,64.7
893,1030,2025-02-24,5,7.9,73.6
894,1030,2025-02-25,1,8.0,46.2
895,1030,2025-02-26,1,7.6,53.4
896,1030,2025-02-27,4,8.6,59.0
897,1030,2025-02-28,6,7.6,66.3
898,1030,2025-03-01,5,7.4,63.4
899,1030,2025-03-02,2,7.4,44.9
900,1031,2025-02-01,6,8.1,72.4
901,1031,2025-02-02,2,8.7,62.5
902,1031,2025-02-03,1,7.6,51.4
903,1031,2025-02-04,5,8.2,69.8
904,1031,2025-02-05,3,6.1,59.3
905,1031,2025-02-06,3,6.2,67.0
906,1031,2025-02-07,3,8.2,57.5
907,1031,2025-02-08,1,8.3,58.4
908,1031,2025-02-09,5,8.0,66.3
909,1031,2025-02-10,4,8.3,61.4
910,1031,2025-02-11,4,7.3,52.8
911,1031,2025-02-12,1,7.4,50.3
912,1031,2025-02-13,0,8.5,46.8
913,1031,2025-02-14,0,8.2,43.6
914,1031,2025-02-15,1,8.2,54.1
915,1031,2025-02-16,3,7.9,59.4
916,1031,2025-02-17,4,7.4,52.4
917,1031,2025-02-18,1,6.7,48.1
918,1031,2025-02-19,3,9.1,58.7
919,1031,2025-02-20,4,7.4,63.9
920,1031,2025-02-21,4,8.6,68.5
921,1031,2025-02-22,0,6.8,43.6
922,1031,2025-02-23,5,7.8,66.6
923,1031,2025-02-24,1,8.3,55.4
924,1031,2025-02-25,1,5.9,49.3
925,1031,2025-02-26,3,9.0,55.7
926,1031,2025-02-27,2,6.7,48.4
927,1031,2025-02-28,3,8.4,63.0
928,1031,2025-03-01,1,8.6,49.8
929,1031,2025-03-02,0,8.2,50.6
930,1032,2025-02-01,2,7.5,53.1
931,1032,2025-02-02,3,7.3,59.7
932,1032,2025-02-03,0,7.0,44.5
933,1032,2025-02-04,4,5.3,68.6
934,1032,2025-02-05,3,8.5,60.4
935,1032,2025-02-06,6,7.9,64.1
936,1032,2025-02-07,4,7.6,60.0
937,1032,2025-02-08,3,7.46295193534666,59.7
938,1032,2025-02-09,1,9.0,53.5
939,1032,2025-02-10,3,7.2,65.7
940,1032,2025-02-11,3,6.2,65.7
941,1032,2025-02-12,2,4.9,47.3
942,1032,2025-02-13,3,6.8,57.9
943,1032,2025-02-14,4,4.8,63.6
944,1032,2025-02-15,5,6.2,55.9
945,1032,2025-02-16,5,7.3,42.6
946,1032,2025-02-17,0,6.8,45.4
947,1032,2025-02-18,5,5.9,68.5
948,1032,2025-02-19,0,6.2,38.4
949,1032,2025-02-20,1,7.7,41.1
950,1032,2025-02-21,3,6.9,56.5
951,1032,2025-02-22,7,7.5,65.8
952,1032,2025-02-23,5,7.3,58.8
953,1032,2025-02-24,3,7.7,59.6
954,1032,2025-02-25,3,9.0,51.9
955,1032,2025-02-26,4,7.46295193534666,57.3
956,1032,2025-02-27,2,5.6,51.2
957,1032,2025-02-28,5,5.9,74.9
958,1032,2025-03-01,1,6.6,56.6
959,1032,2025-03-02,2,7.1,53.3
960,1033,2025-02-01,4,7.3,65.1
961,1033,2025-02-02,4,7.8,60.3
962,1033,2025-02-03,6,9.5,78.2
963,1033,2025-02-04,3,6.9,57.5
964,1033,2025-02-05,1,8.6,15.0
965,1033,2025-02-06,5,5.3,67.8
966,1033,2025-02-07,1,7.1,54.3
967,1033,2025-02-08,2,7.4,53.7
968,1033,2025-02-09,4,8.4,64.3
969,1033,2025-02-10,2,7.7,51.8
970,1033,2025-02-11,6,7.4,77.7
971,1033,2025-02-12,5,7.8,69.5
972,1033,2025-02-13,4,8.1,57.3
973,1033,2025-02-14,7,7.7,78.9
974,1033,2025-02-15,3,7.7,55.5
975,1033,2025-02-16,2,5.6,63.7
976,1033,2025-02-17,5,6.9,67.9
977,1033,2025-02-18,4,6.4,59.5
978,1033,2025-02-19,3,9.0,15.0
979,1033,2025-02-20,4,9.4,68.9
980,1033,2025-02-21,1,7.1,49.3
981,1033,2025-02-22,2,5.6,59.0
982,1033,2025-02-23,1,6.9,51.4
983,1033,2025-02-24,3,6.7,66.4
984,1033,2025-02-25,1,8.3,52.3
985,1033,2025-02-26,4,6.0,62.8
986,1033,2025-02-27,4,7.9,62.2
987,1033,2025-02-28,3,4.9,50.3
988,1033,2025-03-01,1,8.8,53.9
989,1033,2025-03-02,1,9.3,46.5
990,1034,2025-02-01,2,6.5,59.4
991,1034,2025-02-02,3,7.6,54.0
992,1034,2025-02-03,5,7.3,65.7
993,1034,2025-02-04,5,7.4,64.0
994,1034,2025-02-05,3,6.8,64.8
995,1034,2025-02-06,2,7.7,57.3
996,1034,2025-02-07,2,7.8,48.4
997,1034,2025-02-08,5,7.7,64.9
998,1034,2025-02-09,4,7.2,53.2
999,1034,2025-02-10,0,7.5,45.0
1000,1034,2025-02-11,4,7.8,60.9
1001,1034,2025-02-12,3,7.5,63.7
1002,1034,2025-02-13,4,6.1,70.7
1003,1034,2025-02-14,6,7.2,74.7
1004,1034,2025-02-15,8,7.5,73.3
1005,1034,2025-02-16,4,8.9,54.5
1006,1034,2025-02-17,3,8.9,62.5
1007,1034,2025-02-18,4,7.8,69.6
1008,1034,2025-02-19,4,9.3,62.4
1009,1034,2025-02-20,0,8.7,43.9
1010,1034,2025-02-21,3,7.8,56.3
1011,1034,2025-02-22,1,8.6,36.0
1012,1034,2025-02-23,7,7.6,61.8
1013,1034,2025-02-24,5,7.7,59.3
1014,1034,2025-02-25,4,7.5,59.4
1015,1034,2025-02-26,3,8.3,55.8
1016,1034,2025-02-27,5,6.8,69.0
1017,1034,2025-02-28,5,7.6,60.5
1018,1034,2025-03-01,4,8.1,59.8
1019,1034,2025-03-02,4,6.7,67.4
1020,1035,2025-02-01,3,7.5,54.0
1021,1035,2025-02-02,2,6.1,54.8
1022,1035,2025-02-03,1,5.9,52.3
1023,1035,2025-02-04,1,7.7,55.9
1024,1035,2025-02-05,4,7.9,53.2
1025,1035,2025-02-06,0,7.0,47.2
1026,1035,2025-02-07,1,6.5,55.6
1027,1035,2025-02-08,3,6.0,60.8
1028,1035,2025-02-09,3,6.9,70.6
1029,1035,2025-02-10,3,7.5,56.8
1030,1035,2025-02-11,3,7.5,53.8
1031,1035,2025-02-12,5,6.7,62.4
1032,1035,2025-02-13,2,8.1,52.3
1033,1035,2025-02-14,3,7.7,63.8
1034,1035,2025-02-15,1,7.2,45.9
1035,1035,2025-02-16,2,6.6,55.4
1036,1035,2025-02-17,2,7.5,51.1
1037,1035,2025-02-18,2,6.2,49.2
1038,1035,2025-02-19,4,8.3,66.0
1039,1035,2025-02-20,3,7.2,60.2
1040,1035,2025-02-21,1,7.9,44.5
1041,1035,2025-02-22,5,6.4,77.4
1042,1035,2025-02-23,2,8.4,52.0
1043,1035,2025-02-24,2,7.8,51.7
1044,1035,2025-02-25,3,8.1,65.5
1045,1035,2025-02-26,2,9.5,63.3
1046,1035,2025-02-27,4,7.3,64.1
1047,1035,2025-02-28,6,7.46295193534666,69.3
1048,1035,2025-03-01,3,7.0,54.4
1049,1035,2025-03-02,5,7.9,63.2
1050,1036,2025-02-01,5,6.9,74.7
1051,1036,2025-02-02,1,7.4,53.0
1052,1036,2025-02-03,1,7.5,54.3
1053,1036,2025-02-04,1,7.46295193534666,41.0
1054,1036,2025-02-05,3,8.6,61.6
1055,1036,2025-02-06,5,4.9,55.6
1056,1036,2025-02-07,3,6.6,57.9
1057,1036,2025-02-08,5,9.1,78.2
1058,1036,2025-02-09,2,5.7,45.7
1059,1036,2025-02-10,0,6.2,49.5
1060,1036,2025-02-11,4,9.1,65.4
1061,1036,2025-02-12,3,7.0,65.7
1062,1036,2025-02-13,0,6.2,48.3
1063,1036,2025-02-14,2,8.3,57.6
1064,1036,2025-02-15,4,8.0,67.8
1065,1036,2025-02-16,5,7.5,66.0
1066,1036,2025-02-17,4,8.8,58.8
1067,1036,2025-02-18,3,5.3,55.6
1068,1036,2025-02-19,1,7.0,42.6
1069,1036,2025-02-20,0,9.2,39.4
1070,1036,2025-02-21,4,9.6,68.8
1071,1036,2025-02-22,4,8.2,60.2
1072,1036,2025-02-23,5,9.4,65.6
1073,1036,2025-02-24,0,8.4,57.6
1074,1036,2025-02-25,1,5.0,48.5
1075,1036,2025-02-26,2,7.7,50.1
1076,1036,2025-02-27,3,6.4,48.3
1077,1036,2025-02-28,3,8.2,51.8
1078,1036,2025-03-01,7,8.0,69.2
1079,1036,2025-03-02,5,8.5,70.6
1080,1037,2025-02-01,3,7.0,60.3
1081,1037,2025-02-02,3,8.8,61.2
1082,1037,2025-02-03,2,7.1,49.9
1083,1037,2025-02-04,3,9.4,64.0
1084,1037,2025-02-05,3,7.0,59.0
1085,1037,2025-02-06,4,7.1,55.2
1086,1037,2025-02-07,3,9.1,54.4
1087,1037,2025-02-08,2,7.9,58.1
1088,1037,2025-02-09,2,6.7,48.6
1089,1037,2025-02-10,2,7.46295193534666,52.7
1090,1037,2025-02-11,2,7.0,110.0
1091,1037,2025-02-12,2,7.7,53.6
1092,1037,2025-02-13,3,6.2,55.2
1093,1037,2025-02-14,0,7.3,39.4
1094,1037,2025-02-15,0,7.7,39.9
1095,1037,2025-02-16,2,7.9,58.0
1096,1037,2025-02-17,2,8.6,60.7
1097,1037,2025-02-18,3,7.4,54.9
1098,1037,2025-02-19,3,8.3,64.7
1099,1037,2025-02-20,1,7.4,52.6
1100,1037,2025-02-21,0,7.46295193534666,44.5
1101,1037,2025-02-22,6,6.5,66.5
1102,1037,2025-02-23,1,6.6,51.2
1103,1037,2025-02-24,0,7.8,43.0
1104,1037,2025-02-25,0,8.0,46.6
1105,1037,2025-02-26,2,5.4,56.3
1106,1037,2025-02-27,5,5.4,62.1
1107,1037,2025-02-28,0,8.2,43.7
1108,1037,2025-03-01,2,8.1,50.7
1109,1037,2025-03-02,4,6.2,62.5
1110,1038,2025-02-01,5,5.9,63.0
1111,1038,2025-02-02,2,9.2,55.0
1112,1038,2025-02-03,0,9.4,52.9
1113,1038,2025-02-04,3,9.8,54.9
1114,1038,2025-02-05,2,6.4,57.2
1115,1038,2025-02-06,7,8.5,67.1
1116,1038,2025-02-07,2,5.1,58.2
1117,1038,2025-02-08,1,7.4,41.0
1118,1038,2025-02-09,2,7.6,54.8
1119,1038,2025-02-10,4,9.0,68.3
1120,1038,2025-02-11,5,8.3,15.0
1121,1038,2025-02-12,3,8.6,47.6
1122,1038,2025-02-13,4,6.7,66.0
1123,1038,2025-02-14,3,7.9,64.9
1124,1038,2025-02-15,2,6.7,55.5
1125,1038,2025-02-16,2,6.0,48.2
1126,1038,2025-02-17,2,5.6,49.4
1127,1038,2025-02-18,5,8.0,61.7
1128,1038,2025-02-19,3,6.7,64.5
1129,1038,2025-02-20,2,7.4,46.9
1130,1038,2025-02-21,3,7.7,60.2
1131,1038,2025-02-22,2,6.8,48.1
1132,1038,2025-02-23,2,8.2,63.8
1133,1038,2025-02-24,3,8.2,48.2
1134,1038,2025-02-25,4,7.8,54.1
1135,1038,2025-02-26,0,8.5,43.8
1136,1038,2025-02-27,3,8.2,61.9
1137,1038,2025-02-28,4,8.7,55.0
1138,1038,2025-03-01,4,8.0,53.9
1139,1038,2025-03-02,4,9.0,61.5
1140,1039,2025-02-01,4,6.6,64.4
1141,1039,2025-02-02,2,7.1,62.6
1142,1039,2025-02-03,3,7.8,62.8
1143,1039,2025-02-04,3,8.3,63.0
1144,1039,2025-02-05,2,6.4,54.9
1145,1039,2025-02-06,2,8.5,15.0
1146,1039,2025-02-07,5,7.5,73.8
1147,1039,2025-02-08,4,9.3,65.8
1148,1039,2025-02-09,1,7.7,49.3
1149,1039,2025-02-10,2,6.9,58.2
1150,1039,2025-02-11,5,7.0,61.2
1151,1039,2025-02-12,4,7.5,75.9
1152,1039,2025-02-13,3,7.5,62.5
1153,1039,2025-02-14,3,7.2,62.7
1154,1039,2025-02-15,3,7.9,56.3
1155,1039,2025-02-16,2,7.4,56.8
1156,1039,2025-02-17,3,6.8,51.4
1157,1039,2025-02-18,0,6.7,42.3
1158,1039,2025-02-19,3,6.1,49.9
1159,1039,2025-02-20,5,6.9,69.5
1160,1039,2025-02-21,2,7.6,54.0
1161,1039,2025-02-22,5,7.3,66.9
1162,1039,2025-02-23,1,7.46295193534666,51.2
1163,1039,2025-02-24,4,7.7,68.2
1164,1039,2025-02-25,3,7.1,59.6
1165,1039,2025-02-26,5,6.1,65.2
1166,1039,2025-02-27,3,8.7,56.6
1167,1039,2025-02-28,3,7.6,59.4
1168,1039,2025-03-01,4,7.4,55.5
1169,1039,2025-03-02,6,6.7,70.3
1170,1040,2025-02-01,4,6.4,59.8
1171,1040,2025-02-02,3,5.9,59.6
1172,1040,2025-02-03,1,8.2,55.4
1173,1040,2025-02-04,4,8.4,61.8
1174,1040,2025-02-05,1,8.6,46.4
1175,1040,2025-02-06,3,6.6,53.3
1176,1040,2025-02-07,4,7.6,55.3
1177,1040,2025-02-08,2,9.4,57.0
1178,1040,2025-02-09,2,7.1,54.3
1179,1040,2025-02-10,2,8.9,56.6
1180,1040,2025-02-11,0,8.3,49.5
1181,1040,2025-02-12,4,8.2,69.7
1182,1040,2025-02-13,4,6.4,71.8
1183,1040,2025-02-14,0,8.0,34.8
1184,1040,2025-02-15,3,7.1,63.1
1185,1040,2025-02-16,3,8.0,52.4
1186,1040,2025-02-17,5,8.5,67.7
1187,1040,2025-02-18,1,8.7,41.0
1188,1040,2025-02-19,3,7.2,60.7
1189,1040,2025-02-20,2,8.4,48.5
1190,1040,2025-02-21,5,7.4,65.1
1191,1040,2025-02-22,4,8.4,62.1
1192,1040,2025-02-23,3,6.7,49.7
1193,1040,2025-02-24,2,7.6,52.3
1194,1040,2025-02-25,2,6.4,49.1
1195,1040,2025-02-26,1,7.6,51.8
1196,1040,2025-02-27,3,8.0,53.5
1197,1040,2025-02-28,3,7.0,57.7
1198,1040,2025-03-01,0,6.3,45.2
1199,1040,2025-03-02,2,6.8,52.8
1200,1041,2025-02-01,4,8.4,54.5
1201,1041,2025-02-02,2,7.7,56.2
1202,1041,2025-02-03,4,7.8,59.6
1203,1041,2025-02-04,3,7.5,52.5
1204,1041,2025-02-05,2,7.8,57.8
1205,1041,2025-02-06,2,9.4,41.8
1206,1041,2025-02-07,3,7.5,63.3
1207,1041,2025-02-08,2,7.46295193534666,51.4
1208,1041,2025-02-09,5,8.6,65.5
1209,1041,2025-02-10,1,6.6,42.7
1210,1041,2025-02-11,5,7.5,71.8
1211,1041,2025-02-12,3,9.6,60.8
1212,1041,2025-02-13,5,8.0,61.9
1213,1041,2025-02-14,5,8.8,70.2
1214,1041,2025-02-15,3,6.0,58.0
1215,1041,2025-02-16,5,9.6,72.7
1216,1041,2025-02-17,1,9.0,47.2
1217,1041,2025-02-18,2,9.4,56.7
1218,1041,2025-02-19,3,7.1,60.5
1219,1041,2025-02-20,2,8.4,51.7
1220,1041,2025-02-21,4,8.0,69.2
1221,1041,2025-02-22,2,6.2,56.8
1222,1041,2025-02-23,4,9.3,73.1
1223,1041,2025-02-24,5,6.7,69.3
1224,1041,2025-02-25,3,7.46295193534666,63.0
1225,1041,2025-02-26,1,6.6,40.9
1226,1041,2025-02-27,1,6.7,48.6
1227,1041,2025-02-28,5,7.0,72.5
1228,1041,2025-03-01,7,8.7,67.3
1229,1041,2025-03-02,2,8.5,50.5
1230,1042,2025-02-01,3,7.9,110.0
1231,1042,2025-02-02,3,6.3,56.4
1232,1042,2025-02-03,5,7.5,76.0
1233,1042,2025-02-04,3,6.2,54.3
1234,1042,2025-02-05,4,8.7,63.5
1235,1042,2025-02-06,3,7.9,60.8
1236,1042,2025-02-07,2,5.8,57.0
1237,1042,2025-02-08,3,7.9,57.5
1238,1042,2025-02-09,4,6.6,61.1
1239,1042,2025-02-10,1,7.1,43.0
1240,1042,2025-02-11,4,8.9,56.7
1241,1042,2025-02-12,3,7.3,65.8
1242,1042,2025-02-13,3,8.6,61.7
1243,1042,2025-02-14,3,6.9,59.8
1244,1042,2025-02-15,1,7.1,40.5
1245,1042,2025-02-16,5,7.6,73.8
1246,1042,2025-02-17,3,7.7,61.4
1247,1042,2025-02-18,3,7.3,56.8
1248,1042,2025-02-19,1,7.2,54.5
1249,1042,2025-02-20,2,9.4,45.4
1250,1042,2025-02-21,5,7.3,69.8
1251,1042,2025-02-22,5,6.2,56.5
1252,1042,2025-02-23,4,8.8,61.3
1253,1042,2025-02-24,4,6.0,62.8
1254,1042,2025-02-25,2,5.9,63.0
1255,1042,2025-02-26,3,7.3,68.5
1256,1042,2025-02-27,2,7.6,59.3
1257,1042,2025-02-28,3,8.0,72.6
1258,1042,2025-03-01,7,7.5,71.0
1259,1042,2025-03-02,3,7.1,52.9
1260,1043,2025-02-01,1,7.4,56.3
1261,1043,2025-02-02,2,8.2,59.7
1262,1043,2025-02-03,4,8.3,57.4
1263,1043,2025-02-04,3,6.0,55.4
1264,1043,2025-02-05,1,7.9,43.5
1265,1043,2025-02-06,2,8.1,55.8
1266,1043,2025-02-07,4,6.5,65.2
1267,1043,2025-02-08,6,6.4,73.9
1268,1043,2025-02-09,6,7.46295193534666,75.6
1269,1043,2025-02-10,2,9.2,52.4
1270,1043,2025-02-11,1,5.6,49.8
1271,1043,2025-02-12,1,7.5,52.7
1272,1043,2025-02-13,2,7.7,53.1
1273,1043,2025-02-14,2,7.4,55.0
1274,1043,2025-02-15,5,7.0,56.3
1275,1043,2025-02-16,4,8.8,59.1
1276,1043,2025-02-17,2,7.3,47.5
1277,1043,2025-02-18,3,6.2,63.0
1278,1043,2025-02-19,4,6.6,57.3
1279,1043,2025-02-20,3,7.8,55.7
1280,1043,2025-02-21,1,8.3,55.5
1281,1043,2025-02-22,5,5.9,65.5
1282,1043,2025-02-23,3,7.5,62.6
1283,1043,2025-02-24,4,6.6,57.3
1284,1043,2025-02-25,3,8.3,53.8
1285,1043,2025-02-26,1,6.5,47.3
1286,1043,2025-02-27,0,6.7,47.1
1287,1043,2025-02-28,5,9.5,66.9
1288,1043,2025-03-01,2,8.5,42.8
1289,1043,2025-03-02,3,8.8,59.4
1290,1044,2025-02-01,1,7.9,52.8
1291,1044,2025-02-02,0,8.9,37.0
1292,1044,2025-02-03,4,8.9,67.6
1293,1044,2025-02-04,4,7.6,60.8
1294,1044,2025-02-05,1,5.9,37.3
1295,1044,2025-02-06,4,7.2,71.4
1296,1044,2025-02-07,3,7.1,57.7
1297,1044,2025-02-08,3,5.2,65.8
1298,1044,2025-02-09,2,9.1,54.2
1299,1044,2025-02-10,3,8.7,59.5
1300,1044,2025-02-11,0,6.7,45.6
1301,1044,2025-02-12,2,7.6,62.5
1302,1044,2025-02-13,1,7.4,51.5
1303,1044,2025-02-14,5,7.6,68.7
1304,1044,2025-02-15,5,4.5,69.7
1305,1044,2025-02-16,6,7.1,68.4
1306,1044,2025-02-17,3,7.2,52.9
1307,1044,2025-02-18,6,7.7,84.8
1308,1044,2025-02-19,1,6.6,41.9
1309,1044,2025-02-20,5,5.8,67.8
1310,1044,2025-02-21,1,7.7,52.1
1311,1044,2025-02-22,3,8.3,65.8
1312,1044,2025-02-23,1,7.3,53.1
1313,1044,2025-02-24,1,9.4,48.2
1314,1044,2025-02-25,7,6.1,77.0
1315,1044,2025-02-26,5,8.5,46.4
1316,1044,2025-02-27,1,7.7,48.3
1317,1044,2025-02-28,2,8.9,51.4
1318,1044,2025-03-01,3,6.1,63.9
1319,1044,2025-03-02,1,7.9,53.2
1320,1045,2025-02-01,3,7.5,56.1
1321,1045,2025-02-02,3,7.0,61.9
1322,1045,2025-02-03,4,7.0,57.0
1323,1045,2025-02-04,1,8.1,47.8
1324,1045,2025-02-05,0,7.46295193534666,45.1
1325,1045,2025-02-06,3,7.46295193534666,61.3
1326,1045,2025-02-07,3,7.1,61.6
1327,1045,2025-02-08,2,6.5,51.9
1328,1045,2025-02-09,4,6.6,66.2
1329,1045,2025-02-10,3,6.9,58.5
1330,1045,2025-02-11,2,7.3,57.1
1331,1045,2025-02-12,3,7.5,58.7
1332,1045,2025-02-13,3,7.2,51.4
1333,1045,2025-02-14,0,6.1,51.7
1334,1045,2025-02-15,4,6.8,61.4
1335,1045,2025-02-16,0,8.0,47.6
1336,1045,2025-02-17,1,9.8,42.4
1337,1045,2025-02-18,1,10.2,51.0
1338,1045,2025-02-19,5,6.2,70.2
1339,1045,2025-02-20,2,7.2,50.8
1340,1045,2025-02-21,4,7.4,62.8
1341,1045,2025-02-22,4,7.2,67.9
1342,1045,2025-02-23,4,6.2,59.2
1343,1045,2025-02-24,4,7.9,62.2
1344,1045,2025-02-25,0,7.9,43.3
1345,1045,2025-02-26,1,8.2,48.0
1346,1045,2025-02-27,3,8.7,60.1
1347,1045,2025-02-28,3,7.9,63.0
1348,1045,2025-03-01,0,5.7,38.4
1349,1045,2025-03-02,5,6.9,77.6
1350,1046,2025-02-01,3,7.2,57.6
1351,1046,2025-02-02,0,6.9,41.1
1352,1046,2025-02-03,2,6.4,54.5
1353,1046,2025-02-04,2,7.2,54.4
1354,1046,2025-02-05,3,9.0,65.7
1355,1046,2025-02-06,2,8.6,49.4
1356,1046,2025-02-07,3,7.46295193534666,60.5
1357,1046,2025-02-08,2,8.0,38.7
1358,1046,2025-02-09,3,7.9,52.7
1359,1046,2025-02-10,4,8.2,61.3
1360,1046,2025-02-11,4,9.6,67.0
1361,1046,2025-02-12,5,7.2,73.9
1362,1046,2025-02-13,1,6.8,45.6
1363,1046,2025-02-14,0,6.7,37.4
1364,1046,2025-02-15,2,6.9,51.4
1365,1046,2025-02-16,4,7.7,63.5
1366,1046,2025-02-17,3,8.1,54.4
1367,1046,2025-02-18,4,7.46295193534666,59.8
1368,1046,2025-02-19,2,6.1,54.5
1369,1046,2025-02-20,2,8.6,52.6
1370,1046,2025-02-21,4,8.4,65.1
1371,1046,2025-02-22,2,7.4,47.1
1372,1046,2025-02-23,4,9.6,67.2
1373,1046,2025-02-24,2,7.1,58.4
1374,1046,2025-02-25,0,6.3,41.4
1375,1046,2025-02-26,2,5.7,55.7
1376,1046,2025-02-27,2,7.1,54.3
1377,1046,2025-02-28,0,7.4,37.4
1378,1046,2025-03-01,4,8.5,65.8
1379,1046,2025-03-02,2,7.9,52.4
1380,1047,2025-02-01,3,7.46295193534666,45.4
1381,1047,2025-02-02,0,7.3,40.8
1382,1047,2025-02-03,3,7.5,47.7
1383,1047,2025-02-04,2,7.1,48.8
1384,1047,2025-02-05,3,8.2,51.1
1385,1047,2025-02-06,4,7.8,65.7
1386,1047,2025-02-07,5,6.9,71.9
1387,1047,2025-02-08,5,6.1,67.7
1388,1047,2025-02-09,3,8.6,70.4
1389,1047,2025-02-10,4,9.4,72.2
1390,1047,2025-02-11,2,8.0,53.3
1391,1047,2025-02-12,4,8.1,66.7
1392,1047,2025-02-13,2,7.3,57.3
1393,1047,2025-02-14,3,6.8,57.5
1394,1047,2025-02-15,5,6.5,67.0
1395,1047,2025-02-16,1,8.5,61.8
1396,1047,2025-02-17,5,6.9,64.7
1397,1047,2025-02-18,5,8.3,75.0
1398,1047,2025-02-19,3,6.4,58.4
1399,1047,2025-02-20,3,9.7,61.4
1400,1047,2025-02-21,0,8.1,50.3
1401,1047,2025-02-22,5,8.3,68.5
1402,1047,2025-02-23,3,6.4,66.4
1403,1047,2025-02-24,4,7.46295193534666,63.4
1404,1047,2025-02-25,1,7.6,55.6
1405,1047,2025-02-26,4,8.5,67.7
1406,1047,2025-02-27,4,7.3,61.2
1407,1047,2025-02-28,6,8.0,74.2
1408,1047,2025-03-01,4,7.2,64.9
1409,1047,2025-03-02,2,7.0,57.4
1410,1048,2025-02-01,4,4.5,66.5
1411,1048,2025-02-02,5,7.2,67.5
1412,1048,2025-02-03,4,6.8,50.4
1413,1048,2025-02-04,0,7.46295193534666,43.7
1414,1048,2025-02-05,4,8.6,62.0
1415,1048,2025-02-06,2,6.4,50.7
1416,1048,2025-02-07,2,7.6,50.6
1417,1048,2025-02-08,2,7.1,54.2
1418,1048,2025-02-09,4,7.9,58.8
1419,1048,2025-02-10,2,8.3,59.0
1420,1048,2025-02-11,1,6.1,57.1
1421,1048,2025-02-12,5,9.8,60.7
1422,1048,2025-02-13,0,6.8,37.0
1423,1048,2025-02-14,2,7.6,60.0
1424,1048,2025-02-15,2,6.8,50.4
1425,1048,2025-02-16,2,5.2,49.7
1426,1048,2025-02-17,5,7.0,63.7
1427,1048,2025-02-18,3,8.3,68.2
1428,1048,2025-02-19,4,9.2,62.5
1429,1048,2025-02-20,2,8.0,57.0
1430,1048,2025-02-21,3,6.4,43.9
1431,1048,2025-02-22,2,7.4,66.0
1432,1048,2025-02-23,1,9.6,53.7
1433,1048,2025-02-24,5,8.0,77.2
1434,1048,2025-02-25,2,8.3,47.9
1435,1048,2025-02-26,2,8.1,58.5
1436,1048,2025-02-27,4,7.46295193534666,58.6
1437,1048,2025-02-28,1,7.3,42.6
1438,1048,2025-03-01,2,6.8,59.8
1439,1048,2025-03-02,2,9.5,51.7
1440,1049,2025-02-01,4,7.7,63.2
1441,1049,2025-02-02,4,7.4,59.7
1442,1049,2025-02-03,4,6.5,60.9
1443,1049,2025-02-04,4,7.3,64.9
1444,1049,2025-02-05,3,6.9,57.6
1445,1049,2025-02-06,1,8.5,47.5
1446,1049,2025-02-07,5,7.2,69.8
1447,1049,2025-02-08,1,8.4,36.5
1448,1049,2025-02-09,3,7.0,52.6
1449,1049,2025-02-10,8,6.2,81.9
1450,1049,2025-02-11,6,6.1,71.4
1451,1049,2025-02-12,3,6.8,58.0
1452,1049,2025-02-13,3,8.6,52.5
1453,1049,2025-02-14,3,7.0,55.3
1454,1049,2025-02-15,3,7.2,47.1
1455,1049,2025-02-16,3,5.6,63.3
1456,1049,2025-02-17,3,7.1,51.4
1457,1049,2025-02-18,3,7.4,58.2
1458,1049,2025-02-19,3,8.0,59.6
1459,1049,2025-02-20,6,8.0,73.0
1460,1049,2025-02-21,3,6.5,50.8
1461,1049,2025-02-22,0,8.0,44.5
1462,1049,2025-02-23,4,8.9,62.0
1463,1049,2025-02-24,1,8.4,48.1
1464,1049,2025-02-25,2,7.46295193534666,56.3
1465,1049,2025-02-26,4,7.46295193534666,57.3
1466,1049,2025-02-27,1,7.6,50.6
1467,1049,2025-02-28,5,8.5,67.8
1468,1049,2025-03-01,5,7.4,66.8
1469,1049,2025-03-02,2,6.3,46.0
1470,1050,2025-02-01,3,8.4,54.9
1471,1050,2025-02-02,5,8.8,65.4
1472,1050,2025-02-03,0,7.2,39.6
1473,1050,2025-02-04,5,7.6,58.5
1474,1050,2025-02-05,4,8.5,63.0
1475,1050,2025-02-06,2,7.8,61.9
1476,1050,2025-02-07,5,6.2,68.1
1477,1050,2025-02-08,1,7.0,55.7
1478,1050,2025-02-09,3,6.5,56.8
1479,1050,2025-02-10,4,6.9,63.8
1480,1050,2025-02-11,2,7.1,66.6
1481,1050,2025-02-12,5,7.6,69.9
1482,1050,2025-02-13,3,6.0,52.9
1483,1050,2025-02-14,5,8.7,67.6
1484,1050,2025-02-15,2,5.9,64.7
1485,1050,2025-02-16,1,6.7,46.4
1486,1050,2025-02-17,1,7.4,15.0
1487,1050,2025-02-18,0,5.5,45.7
1488,1050,2025-02-19,2,8.2,57.1
1489,1050,2025-02-20,3,8.0,63.4
1490,1050,2025-02-21,4,4.9,61.9
1491,1050,2025-02-22,2,6.6,46.4
1492,1050,2025-02-23,4,7.7,60.3
1493,1050,2025-02-24,2,6.4,45.4
1494,1050,2025-02-25,1,6.5,54.1
1495,1050,2025-02-26,3,7.46295193534666,58.8
1496,1050,2025-02-27,2,8.4,60.5
1497,1050,2025-02-28,4,7.9,57.8
1498,1050,2025-03-01,5,8.1,65.7
1499,1050,2025-03-02,1,7.1,49.4
1500,1051,2025-02-01,4,8.8,67.3
1501,1051,2025-02-02,3,7.3,63.8
1502,1051,2025-02-03,4,6.3,53.2
1503,1051,2025-02-04,4,7.1,68.2
1504,1051,2025-02-05,5,6.9,77.4
1505,1051,2025-02-06,1,7.6,43.4
1506,1051,2025-02-07,4,8.7,66.0
1507,1051,2025-02-08,2,6.3,51.9
1508,1051,2025-02-09,4,6.5,55.3
1509,1051,2025-02-10,0,7.3,39.1
1510,1051,2025-02-11,4,7.4,61.7
1511,1051,2025-02-12,7,7.9,63.4
1512,1051,2025-02-13,0,9.4,45.2
1513,1051,2025-02-14,2,7.7,48.5
1514,1051,2025-02-15,3,8.5,57.0
1515,1051,2025-02-16,2,6.8,58.1
1516,1051,2025-02-17,4,9.4,71.7
1517,1051,2025-02-18,3,8.1,56.5
1518,1051,2025-02-19,2,6.9,50.5
1519,1051,2025-02-20,5,7.0,65.7
1520,1051,2025-02-21,4,7.7,63.5
1521,1051,2025-02-22,5,6.9,64.0
1522,1051,2025-02-23,0,8.1,47.8
1523,1051,2025-02-24,5,7.3,67.0
1524,1051,2025-02-25,5,7.1,67.6
1525,1051,2025-02-26,0,8.7,47.6
1526,1051,2025-02-27,3,8.4,58.2
1527,1051,2025-02-28,5,7.8,65.2
1528,1051,2025-03-01,1,8.3,53.9
1529,1051,2025-03-02,5,8.1,66.7
1530,1052,2025-02-01,3,7.6,57.5
1531,1052,2025-02-02,1,6.5,15.0
1532,1052,2025-02-03,2,7.3,46.5
1533,1052,2025-02-04,0,6.8,48.8
1534,1052,2025-02-05,4,7.7,60.0
1535,1052,2025-02-06,7,8.9,70.7
1536,1052,2025-02-07,6,7.9,77.1
1537,1052,2025-02-08,5,5.8,62.3
1538,1052,2025-02-09,2,6.8,56.4
1539,1052,2025-02-10,4,7.1,60.4
1540,1052,2025-02-11,5,7.0,73.1
1541,1052,2025-02-12,3,7.7,53.9
1542,1052,2025-02-13,4,6.4,66.5
1543,1052,2025-02-14,4,8.1,65.7
1544,1052,2025-02-15,5,7.9,59.0
1545,1052,2025-02-16,4,6.7,56.5
1546,1052,2025-02-17,1,6.9,52.5
1547,1052,2025-02-18,3,8.4,55.1
1548,1052,2025-02-19,3,6.9,48.7
1549,1052,2025-02-20,3,10.0,52.1
1550,1052,2025-02-21,4,8.4,63.5
1551,1052,2025-02-22,1,9.6,52.2
1552,1052,2025-02-23,6,5.9,69.2
1553,1052,2025-02-24,1,8.5,41.7
1554,1052,2025-02-25,3,7.46295193534666,49.5
1555,1052,2025-02-26,3,7.2,44.4
1556,1052,2025-02-27,3,7.5,59.7
1557,1052,2025-02-28,2,8.1,44.3
1558,1052,2025-03-01,1,8.9,47.4
1559,1052,2025-03-02,1,8.7,50.3
1560,1053,2025-02-01,3,6.0,63.0
1561,1053,2025-02-02,5,7.6,73.7
1562,1053,2025-02-03,3,6.3,55.8
1563,1053,2025-02-04,4,7.0,65.6
1564,1053,2025-02-05,4,8.6,62.8
1565,1053,2025-02-06,4,8.0,62.0
1566,1053,2025-02-07,0,9.1,44.6
1567,1053,2025-02-08,3,8.7,57.4
1568,1053,2025-02-09,3,7.1,56.1
1569,1053,2025-02-10,3,9.2,49.8
1570,1053,2025-02-11,3,7.3,67.8
1571,1053,2025-02-12,4,7.0,69.8
1572,1053,2025-02-13,2,8.4,48.7
1573,1053,2025-02-14,6,7.6,66.7
1574,1053,2025-02-15,0,7.6,49.2
1575,1053,2025-02-16,8,8.7,72.0
1576,1053,2025-02-17,1,7.3,57.7
1577,1053,2025-02-18,7,6.9,70.7
1578,1053,2025-02-19,6,8.9,69.3
1579,1053,2025-02-20,4,7.0,68.6
1580,1053,2025-02-21,3,7.1,62.5
1581,1053,2025-02-22,3,8.3,53.5
1582,1053,2025-02-23,2,7.4,50.3
1583,1053,2025-02-24,2,7.4,50.9
1584,1053,2025-02-25,6,6.7,71.4
1585,1053,2025-02-26,3,7.46295193534666,56.7
1586,1053,2025-02-27,5,8.5,64.5
1587,1053,2025-02-28,5,6.9,66.9
1588,1053,2025-03-01,3,6.4,55.1
1589,1053,2025-03-02,0,5.6,45.5
1590,1054,2025-02-01,1,9.0,47.1
1591,1054,2025-02-02,4,8.2,59.5
1592,1054,2025-02-03,2,7.0,55.2
1593,1054,2025-02-04,8,7.7,69.4
1594,1054,2025-02-05,4,6.4,59.1
1595,1054,2025-02-06,6,7.2,67.9
1596,1054,2025-02-07,1,7.4,43.6
1597,1054,2025-02-08,5,7.46295193534666,64.6
1598,1054,2025-02-09,6,7.0,70.7
1599,1054,2025-02-10,2,7.8,48.8
1600,1054,2025-02-11,3,8.7,50.4
1601,1054,2025-02-12,5,7.1,66.7
1602,1054,2025-02-13,2,8.3,43.9
1603,1054,2025-02-14,0,8.1,50.5
1604,1054,2025-02-15,6,7.5,63.6
1605,1054,2025-02-16,3,9.1,62.6
1606,1054,2025-02-17,5,6.8,65.4
1607,1054,2025-02-18,6,8.0,76.1
1608,1054,2025-02-19,5,8.8,65.2
1609,1054,2025-02-20,5,7.46295193534666,49.7
1610,1054,2025-02-21,3,6.0,60.0
1611,1054,2025-02-22,4,7.2,61.7
1612,1054,2025-02-23,0,7.3,49.8
1613,1054,2025-02-24,3,7.4,52.9
1614,1054,2025-02-25,2,6.8,48.9
1615,1054,2025-02-26,5,4.9,48.9
1616,1054,2025-02-27,6,7.0,77.5
1617,1054,2025-02-28,5,6.9,66.5
1618,1054,2025-03-01,2,6.9,56.7
1619,1054,2025-03-02,4,6.8,59.3
1620,1055,2025-02-01,3,7.4,50.9
1621,1055,2025-02-02,4,7.46295193534666,58.8
1622,1055,2025-02-03,3,8.0,54.1
1623,1055,2025-02-04,3,7.0,46.1
1624,1055,2025-02-05,2,6.4,53.4
1625,1055,2025-02-06,1,7.0,48.4
1626,1055,2025-02-07,3,7.2,63.8
1627,1055,2025-02-08,3,8.0,57.5
1628,1055,2025-02-09,0,6.2,38.0
1629,1055,2025-02-10,2,8.8,54.5
1630,1055,2025-02-11,4,6.5,62.8
1631,1055,2025-02-12,5,8.3,64.2
1632,1055,2025-02-13,3,8.4,54.8
1633,1055,2025-02-14,3,5.6,62.0
1634,1055,2025-02-15,4,5.7,61.7
1635,1055,2025-02-16,5,6.4,68.5
1636,1055,2025-02-17,2,8.4,44.4
1637,1055,2025-02-18,0,6.7,44.7
1638,1055,2025-02-19,3,5.8,60.1
1639,1055,2025-02-20,3,5.1,59.6
1640,1055,2025-02-21,0,6.1,39.5
1641,1055,2025-02-22,5,8.6,63.7
1642,1055,2025-02-23,1,7.2,58.8
1643,1055,2025-02-24,2,7.8,55.5
1644,1055,2025-02-25,0,7.8,50.0
1645,1055,2025-02-26,3,6.1,53.3
1646,1055,2025-02-27,1,7.3,43.5
1647,1055,2025-02-28,1,7.4,45.3
1648,1055,2025-03-01,1,9.4,45.7
1649,1055,2025-03-02,6,7.9,70.9
1650,1056,2025-02-01,3,8.6,52.9
1651,1056,2025-02-02,3,6.7,60.9
1652,1056,2025-02-03,1,9.2,44.7
1653,1056,2025-02-04,3,7.8,62.7
1654,1056,2025-02-05,2,6.9,54.0
1655,1056,2025-02-06,2,7.2,60.6
1656,1056,2025-02-07,1,5.4,45.4
1657,1056,2025-02-08,1,7.9,46.4
1658,1056,2025-02-09,5,7.1,60.7
1659,1056,2025-02-10,4,6.6,52.5
1660,1056,2025-02-11,3,6.7,60.0
1661,1056,2025-02-12,0,8.2,45.5
1662,1056,2025-02-13,2,8.4,49.0
1663,1056,2025-02-14,4,8.0,62.6
1664,1056,2025-02-15,4,7.6,64.2
1665,1056,2025-02-16,4,7.6,66.7
1666,1056,2025-02-17,5,7.8,70.8
1667,1056,2025-02-18,3,8.7,59.4
1668,1056,2025-02-19,4,6.2,65.4
1669,1056,2025-02-20,3,7.9,61.2
1670,1056,2025-02-21,4,8.0,61.5
1671,1056,2025-02-22,6,8.5,71.0
1672,1056,2025-02-23,3,4.8,52.9
1673,1056,2025-02-24,2,7.3,59.6
1674,1056,2025-02-25,2,6.4,56.1
1675,1056,2025-02-26,4,7.2,67.9
1676,1056,2025-02-27,5,5.8,70.0
1677,1056,2025-02-28,0,7.3,55.3
1678,1056,2025-03-01,4,6.8,65.8
1679,1056,2025-03-02,2,7.7,49.2
1680,1057,2025-02-01,2,8.5,61.6
1681,1057,2025-02-02,3,8.2,55.5
1682,1057,2025-02-03,1,7.6,49.6
1683,1057,2025-02-04,7,7.3,70.5
1684,1057,2025-02-05,4,6.9,58.8
1685,1057,2025-02-06,4,6.0,64.9
1686,1057,2025-02-07,2,8.1,59.9
1687,1057,2025-02-08,2,7.2,58.5
1688,1057,2025-02-09,3,7.46295193534666,59.6
1689,1057,2025-02-10,5,6.3,63.2
1690,1057,2025-02-11,5,6.6,74.5
1691,1057,2025-02-12,2,6.1,52.7
1692,1057,2025-02-13,1,8.0,38.7
1693,1057,2025-02-14,6,7.5,74.9
1694,1057,2025-02-15,4,7.6,64.9
1695,1057,2025-02-16,2,8.2,43.2
1696,1057,2025-02-17,6,7.1,76.2
1697,1057,2025-02-18,5,7.0,67.1
1698,1057,2025-02-19,5,6.4,44.7
1699,1057,2025-02-20,4,9.2,60.5
1700,1057,2025-02-21,5,6.8,71.0
1701,1057,2025-02-22,4,6.2,69.2
1702,1057,2025-02-23,5,9.7,68.7
1703,1057,2025-02-24,6,8.5,74.1
1704,1057,2025-02-25,3,8.4,63.0
1705,1057,2025-02-26,2,8.2,57.1
1706,1057,2025-02-27,4,4.5,66.4
1707,1057,2025-02-28,4,7.4,59.3
1708,1057,2025-03-01,5,7.6,68.0
1709,1057,2025-03-02,7,8.5,71.0
1710,1058,2025-02-01,3,6.7,52.8
1711,1058,2025-02-02,3,7.9,54.7
1712,1058,2025-02-03,4,6.5,62.1
1713,1058,2025-02-04,4,9.4,70.1
1714,1058,2025-02-05,5,7.6,71.8
1715,1058,2025-02-06,3,8.1,52.4
1716,1058,2025-02-07,4,6.3,68.4
1717,1058,2025-02-08,4,9.0,57.5
1718,1058,2025-02-09,7,7.5,77.8
1719,1058,2025-02-10,5,6.6,69.6
1720,1058,2025-02-11,3,8.3,50.0
1721,1058,2025-02-12,1,8.7,44.7
1722,1058,2025-02-13,3,7.3,60.0
1723,1058,2025-02-14,2,8.8,55.6
1724,1058,2025-02-15,6,8.3,73.3
1725,1058,2025-02-16,0,8.1,48.0
1726,1058,2025-02-17,5,7.7,53.5
1727,1058,2025-02-18,3,8.2,58.9
1728,1058,2025-02-19,2,8.4,44.8
1729,1058,2025-02-20,3,7.2,53.6
1730,1058,2025-02-21,4,9.0,58.9
1731,1058,2025-02-22,4,8.0,57.4
1732,1058,2025-02-23,4,7.46295193534666,60.0
1733,1058,2025-02-24,2,7.46295193534666,46.2
1734,1058,2025-02-25,5,7.3,63.0
1735,1058,2025-02-26,2,8.7,60.3
1736,1058,2025-02-27,1,7.9,51.2
1737,1058,2025-02-28,3,8.0,62.3
1738,1058,2025-03-01,1,5.9,43.9
1739,1058,2025-03-02,2,7.3,58.3
1740,1059,2025-02-01,3,7.1,50.1
1741,1059,2025-02-02,5,6.6,73.9
1742,1059,2025-02-03,2,6.4,54.1
1743,1059,2025-02-04,2,7.2,54.0
1744,1059,2025-02-05,4,9.3,47.2
1745,1059,2025-02-06,2,7.6,47.6
1746,1059,2025-02-07,4,7.7,54.5
1747,1059,2025-02-08,3,6.7,57.0
1748,1059,2025-02-09,6,5.9,75.3
1749,1059,2025-02-10,1,6.4,46.3
1750,1059,2025-02-11,1,10.6,60.2
1751,1059,2025-02-12,0,6.2,35.6
1752,1059,2025-02-13,1,7.5,50.2
1753,1059,2025-02-14,5,6.1,39.0
1754,1059,2025-02-15,4,8.1,59.1
1755,1059,2025-02-16,6,6.4,73.7
1756,1059,2025-02-17,1,8.4,49.9
1757,1059,2025-02-18,4,6.2,57.9
1758,1059,2025-02-19,5,7.1,63.9
1759,1059,2025-02-20,3,8.3,63.9
1760,1059,2025-02-21,4,7.9,68.6
1761,1059,2025-02-22,7,7.4,72.0
1762,1059,2025-02-23,4,9.4,62.4
1763,1059,2025-02-24,6,7.6,66.4
1764,1059,2025-02-25,1,9.2,50.2
1765,1059,2025-02-26,3,7.8,45.2
1766,1059,2025-02-27,3,7.3,57.3
1767,1059,2025-02-28,3,6.5,53.5
1768,1059,2025-03-01,5,7.8,34.9
1769,1059,2025-03-02,1,7.1,43.4
1770,1060,2025-02-01,0,6.8,56.9
1771,1060,2025-02-02,4,8.3,61.9
1772,1060,2025-02-03,4,6.1,60.5
1773,1060,2025-02-04,2,8.0,58.7
1774,1060,2025-02-05,3,7.3,61.9
1775,1060,2025-02-06,2,9.0,50.0
1776,1060,2025-02-07,0,6.1,42.6
1777,1060,2025-02-08,7,6.5,79.6
1778,1060,2025-02-09,3,6.5,56.5
1779,1060,2025-02-10,4,7.2,58.1
1780,1060,2025-02-11,2,8.5,66.3
1781,1060,2025-02-12,4,9.1,66.6
1782,1060,2025-02-13,4,8.0,64.3
1783,1060,2025-02-14,3,7.3,68.0
1784,1060,2025-02-15,0,7.6,45.7
1785,1060,2025-02-16,3,8.1,60.7
1786,1060,2025-02-17,4,7.7,64.4
1787,1060,2025-02-18,3,8.8,58.4
1788,1060,2025-02-19,2,7.3,59.6
1789,1060,2025-02-20,5,7.7,72.5
1790,1060,2025-02-21,2,8.4,50.4
1791,1060,2025-02-22,4,7.46295193534666,55.7
1792,1060,2025-02-23,3,7.5,62.4
1793,1060,2025-02-24,4,9.1,60.9
1794,1060,2025-02-25,5,6.7,68.0
1795,1060,2025-02-26,2,6.6,66.8
1796,1060,2025-02-27,2,8.1,54.7
1797,1060,2025-02-28,4,7.5,65.1
1798,1060,2025-03-01,7,6.8,70.0
1799,1060,2025-03-02,2,7.2,54.7
1800,1061,2025-02-01,1,7.9,45.1
1801,1061,2025-02-02,0,8.4,51.8
1802,1061,2025-02-03,3,8.1,57.3
1803,1061,2025-02-04,0,9.3,35.7
1804,1061,2025-02-05,5,8.4,42.4
1805,1061,2025-02-06,5,9.0,61.3
1806,1061,2025-02-07,1,8.2,50.0
1807,1061,2025-02-08,3,8.3,55.2
1808,1061,2025-02-09,2,5.8,44.5
1809,1061,2025-02-10,6,8.5,78.6
1810,1061,2025-02-11,2,6.2,48.5
1811,1061,2025-02-12,3,6.0,52.2
1812,1061,2025-02-13,5,7.2,71.0
1813,1061,2025-02-14,5,8.0,71.2
1814,1061,2025-02-15,3,7.1,55.0
1815,1061,2025-02-16,2,4.5,62.2
1816,1061,2025-02-17,1,5.9,55.8
1817,1061,2025-02-18,5,6.7,72.2
1818,1061,2025-02-19,4,7.2,64.8
1819,1061,2025-02-20,1,6.3,48.9
1820,1061,2025-02-21,3,8.9,56.1
1821,1061,2025-02-22,3,7.2,53.1
1822,1061,2025-02-23,0,6.6,52.5
1823,1061,2025-02-24,1,6.3,53.7
1824,1061,2025-02-25,4,7.4,66.7
1825,1061,2025-02-26,3,4.5,55.2
1826,1061,2025-02-27,7,7.5,77.5
1827,1061,2025-02-28,5,8.0,67.0
1828,1061,2025-03-01,1,6.2,55.2
1829,1061,2025-03-02,4,7.8,65.7
1830,1062,2025-02-01,2,8.4,54.4
1831,1062,2025-02-02,2,7.8,58.8
1832,1062,2025-02-03,2,7.46295193534666,47.4
1833,1062,2025-02-04,4,6.7,63.5
1834,1062,2025-02-05,4,11.0,54.6
1835,1062,2025-02-06,1,8.0,54.4
1836,1062,2025-02-07,2,6.4,56.7
1837,1062,2025-02-08,2,8.8,56.1
1838,1062,2025-02-09,4,8.7,72.7
1839,1062,2025-02-10,2,8.8,54.3
1840,1062,2025-02-11,2,7.4,63.1
1841,1062,2025-02-12,3,8.1,57.0
1842,1062,2025-02-13,0,6.0,49.7
1843,1062,2025-02-14,3,6.9,48.3
1844,1062,2025-02-15,5,6.0,75.5
1845,1062,2025-02-16,3,7.5,56.6
1846,1062,2025-02-17,4,7.0,61.7
1847,1062,2025-02-18,3,8.8,65.8
1848,1062,2025-02-19,1,7.1,53.1
1849,1062,2025-02-20,2,7.1,53.8
1850,1062,2025-02-21,4,7.8,70.4
1851,1062,2025-02-22,3,7.8,58.5
1852,1062,2025-02-23,4,7.1,65.5
1853,1062,2025-02-24,2,8.7,54.3
1854,1062,2025-02-25,6,8.7,73.8
1855,1062,2025-02-26,4,8.0,57.8
1856,1062,2025-02-27,4,7.8,63.0
1857,1062,2025-02-28,4,7.8,65.0
1858,1062,2025-03-01,6,7.7,76.7
1859,1062,2025-03-02,3,9.2,62.1
1860,1063,2025-02-01,4,7.0,71.4
1861,1063,2025-02-02,5,7.0,61.0
1862,1063,2025-02-03,3,6.7,15.0
1863,1063,2025-02-04,1,7.5,46.8
1864,1063,2025-02-05,3,6.6,58.7
1865,1063,2025-02-06,5,8.0,71.0
1866,1063,2025-02-07,5,7.46295193534666,74.7
1867,1063,2025-02-08,0,7.0,47.7
1868,1063,2025-02-09,5,7.1,71.6
1869,1063,2025-02-10,1,8.2,49.4
1870,1063,2025-02-11,5,7.1,67.0
1871,1063,2025-02-12,2,7.2,61.3
1872,1063,2025-02-13,2,7.7,52.2
1873,1063,2025-02-14,3,7.9,62.1
1874,1063,2025-02-15,3,9.1,51.9
1875,1063,2025-02-16,2,7.0,50.3
1876,1063,2025-02-17,4,7.0,51.0
1877,1063,2025-02-18,4,9.1,52.6
1878,1063,2025-02-19,0,7.46295193534666,50.1
1879,1063,2025-02-20,2,7.9,38.1
1880,1063,2025-02-21,3,8.2,56.9
1881,1063,2025-02-22,2,8.0,54.5
1882,1063,2025-02-23,5,7.7,70.0
1883,1063,2025-02-24,3,7.2,62.7
1884,1063,2025-02-25,5,6.3,67.1
1885,1063,2025-02-26,4,5.5,62.5
1886,1063,2025-02-27,7,6.8,68.3
1887,1063,2025-02-28,3,7.6,57.5
1888,1063,2025-03-01,5,5.9,63.6
1889,1063,2025-03-02,3,8.7,56.1
1890,1064,2025-02-01,1,5.7,44.6
1891,1064,2025-02-02,0,7.46295193534666,48.1
1892,1064,2025-02-03,4,8.2,57.4
1893,1064,2025-02-04,0,7.9,49.5
1894,1064,2025-02-05,3,8.0,58.4
1895,1064,2025-02-06,2,7.2,58.4
1896,1064,2025-02-07,3,8.4,59.4
1897,1064,2025-02-08,2,8.0,54.0
1898,1064,2025-02-09,5,7.46295193534666,58.8
1899,1064,2025-02-10,4,8.8,67.4
1900,1064,2025-02-11,6,9.2,71.3
1901,1064,2025-02-12,1,5.1,41.2
1902,1064,2025-02-13,4,5.9,64.5
1903,1064,2025-02-14,4,7.6,61.6
1904,1064,2025-02-15,2,9.0,42.7
1905,1064,2025-02-16,2,7.2,52.1
1906,1064,2025-02-17,4,7.7,57.0
1907,1064,2025-02-18,4,6.7,64.6
1908,1064,2025-02-19,6,6.9,69.3
1909,1064,2025-02-20,3,7.4,59.6
1910,1064,2025-02-21,4,6.6,63.0
1911,1064,2025-02-22,1,8.2,54.8
1912,1064,2025-02-23,2,7.6,60.7
1913,1064,2025-02-24,4,6.5,55.6
1914,1064,2025-02-25,2,7.3,57.9
1915,1064,2025-02-26,2,6.4,52.7
1916,1064,2025-02-27,3,6.8,57.0
1917,1064,2025-02-28,3,5.9,57.5
1918,1064,2025-03-01,7,7.8,76.0
1919,1064,2025-03-02,5,9.0,73.5
1920,1065,2025-02-01,2,6.0,58.9
1921,1065,2025-02-02,3,7.3,61.1
1922,1065,2025-02-03,3,7.7,60.1
1923,1065,2025-02-04,5,7.9,62.4
1924,1065,2025-02-05,1,6.9,51.3
1925,1065,2025-02-06,1,6.5,51.0
1926,1065,2025-02-07,2,8.9,51.6
1927,1065,2025-02-08,4,7.4,57.3
1928,1065,2025-02-09,2,7.4,51.5
1929,1065,2025-02-10,5,6.7,65.5
1930,1065,2025-02-11,4,9.3,65.8
1931,1065,2025-02-12,4,8.3,68.6
1932,1065,2025-02-13,5,8.0,73.0
1933,1065,2025-02-14,3,6.7,59.9
1934,1065,2025-02-15,6,5.4,78.1
1935,1065,2025-02-16,3,8.4,61.5
1936,1065,2025-02-17,3,7.7,61.9
1937,1065,2025-02-18,2,7.6,56.7
1938,1065,2025-02-19,4,8.2,61.9
1939,1065,2025-02-20,3,6.5,64.3
1940,1065,2025-02-21,4,7.6,63.6
1941,1065,2025-02-22,3,8.3,59.2
1942,1065,2025-02-23,2,6.9,48.1
1943,1065,2025-02-24,6,7.5,80.1
1944,1065,2025-02-25,3,7.46295193534666,58.1
1945,1065,2025-02-26,3,6.7,53.1
1946,1065,2025-02-27,5,7.2,75.8
1947,1065,2025-02-28,4,7.1,73.4
1948,1065,2025-03-01,5,7.46295193534666,64.2
1949,1065,2025-03-02,0,7.3,54.5
1950,1066,2025-02-01,0,7.46295193534666,56.8
1951,1066,2025-02-02,3,7.8,56.8
1952,1066,2025-02-03,2,8.3,58.0
1953,1066,2025-02-04,4,7.0,65.5
1954,1066,2025-02-05,1,8.1,45.8
1955,1066,2025-02-06,2,9.1,42.5
1956,1066,2025-02-07,3,6.2,59.4
1957,1066,2025-02-08,2,6.3,52.4
1958,1066,2025-02-09,1,6.7,52.7
1959,1066,2025-02-10,0,5.4,46.2
1960,1066,2025-02-11,3,6.8,61.6
1961,1066,2025-02-12,6,7.5,72.0
1962,1066,2025-02-13,1,6.1,48.9
1963,1066,2025-02-14,0,5.7,47.0
1964,1066,2025-02-15,1,7.9,55.4
1965,1066,2025-02-16,4,6.0,73.4
1966,1066,2025-02-17,3,7.5,57.6
1967,1066,2025-02-18,2,6.5,42.5
1968,1066,2025-02-19,1,7.2,51.4
1969,1066,2025-02-20,2,7.8,57.7
1970,1066,2025-02-21,2,6.8,63.5
1971,1066,2025-02-22,2,7.8,57.7
1972,1066,2025-02-23,5,8.4,72.5
1973,1066,2025-02-24,3,7.4,58.9
1974,1066,2025-02-25,3,5.7,60.2
1975,1066,2025-02-26,4,7.0,70.2
1976,1066,2025-02-27,2,8.3,58.8
1977,1066,2025-02-28,4,6.1,67.7
1978,1066,2025-03-01,1,7.7,51.8
1979,1066,2025-03-02,4,7.0,15.0
1980,1067,2025-02-01,0,6.6,39.6
1981,1067,2025-02-02,5,6.6,72.1
1982,1067,2025-02-03,2,7.2,45.4
1983,1067,2025-02-04,5,8.7,65.9
1984,1067,2025-02-05,5,8.5,68.2
1985,1067,2025-02-06,3,7.4,56.2
1986,1067,2025-02-07,0,6.6,41.2
1987,1067,2025-02-08,0,7.5,45.9
1988,1067,2025-02-09,3,9.6,59.7
1989,1067,2025-02-10,3,7.7,59.6
1990,1067,2025-02-11,3,6.9,67.7
1991,1067,2025-02-12,6,9.9,77.7
1992,1067,2025-02-13,2,8.5,71.7
1993,1067,2025-02-14,8,8.9,64.4
1994,1067,2025-02-15,5,8.6,61.7
1995,1067,2025-02-16,3,5.9,63.6
1996,1067,2025-02-17,1,8.3,58.4
1997,1067,2025-02-18,4,5.5,69.3
1998,1067,2025-02-19,4,8.2,65.9
1999,1067,2025-02-20,4,7.7,64.4
2000,1067,2025-02-21,6,8.9,76.2
2001,1067,2025-02-22,4,6.9,58.6
2002,1067,2025-02-23,1,9.1,44.3
2003,1067,2025-02-24,3,7.4,61.7
2004,1067,2025-02-25,3,7.0,62.8
2005,1067,2025-02-26,2,6.7,57.9
2006,1067,2025-02-27,2,8.2,54.3
2007,1067,2025-02-28,3,6.6,59.3
2008,1067,2025-03-01,5,6.1,54.1
2009,1067,2025-03-02,4,5.9,49.3
2010,1068,2025-02-01,5,5.3,73.6
2011,1068,2025-02-02,7,9.6,68.8
2012,1068,2025-02-03,5,8.6,68.9
2013,1068,2025-02-04,1,7.1,57.5
2014,1068,2025-02-05,6,8.2,69.1
2015,1068,2025-02-06,6,8.2,70.7
2016,1068,2025-02-07,1,7.3,45.6
2017,1068,2025-02-08,7,7.6,75.5
2018,1068,2025-02-09,2,6.9,42.9
2019,1068,2025-02-10,0,6.6,45.7
2020,1068,2025-02-11,4,8.7,60.5
2021,1068,2025-02-12,2,6.4,51.0
2022,1068,2025-02-13,3,7.5,59.7
2023,1068,2025-02-14,4,7.1,63.6
2024,1068,2025-02-15,4,6.1,56.6
2025,1068,2025-02-16,2,5.8,48.2
2026,1068,2025-02-17,3,7.9,57.8
2027,1068,2025-02-18,3,7.46295193534666,55.2
2028,1068,2025-02-19,4,8.3,62.1
2029,1068,2025-02-20,1,6.8,49.1
2030,1068,2025-02-21,3,8.1,110.0
2031,1068,2025-02-22,3,9.0,15.0
2032,1068,2025-02-23,3,7.9,46.0
2033,1068,2025-02-24,5,5.9,72.5
2034,1068,2025-02-25,2,6.5,58.0
2035,1068,2025-02-26,2,6.6,48.2
2036,1068,2025-02-27,2,6.8,57.3
2037,1068,2025-02-28,2,7.0,51.0
2038,1068,2025-03-01,4,8.3,62.7
2039,1068,2025-03-02,3,7.6,59.2
2040,1069,2025-02-01,4,8.0,49.0
2041,1069,2025-02-02,1,5.6,50.5
2042,1069,2025-02-03,1,7.9,50.1
2043,1069,2025-02-04,3,7.2,62.2
2044,1069,2025-02-05,4,6.5,63.8
2045,1069,2025-02-06,3,8.5,64.4
2046,1069,2025-02-07,3,9.4,54.8
2047,1069,2025-02-08,0,8.8,40.7
2048,1069,2025-02-09,1,6.7,46.8
2049,1069,2025-02-10,0,7.2,41.9
2050,1069,2025-02-11,5,7.3,55.6
2051,1069,2025-02-12,4,7.2,61.6
2052,1069,2025-02-13,3,5.8,57.8
2053,1069,2025-02-14,1,6.6,50.3
2054,1069,2025-02-15,4,7.6,64.9
2055,1069,2025-02-16,5,7.5,66.9
2056,1069,2025-02-17,4,7.2,59.5
2057,1069,2025-02-18,3,7.0,59.7
2058,1069,2025-02-19,1,7.4,45.5
2059,1069,2025-02-20,0,8.4,45.4
2060,1069,2025-02-21,5,8.0,64.1
2061,1069,2025-02-22,5,8.6,55.8
2062,1069,2025-02-23,4,5.5,59.9
2063,1069,2025-02-24,3,7.7,54.0
2064,1069,2025-02-25,0,8.6,44.4
2065,1069,2025-02-26,3,8.4,56.3
2066,1069,2025-02-27,4,7.0,68.3
2067,1069,2025-02-28,1,6.6,54.9
2068,1069,2025-03-01,2,6.5,56.5
2069,1069,2025-03-02,2,7.5,60.9
2070,1070,2025-02-01,3,5.5,67.2
2071,1070,2025-02-02,3,8.0,59.2
2072,1070,2025-02-03,3,6.4,54.2
2073,1070,2025-02-04,3,8.4,53.3
2074,1070,2025-02-05,3,6.3,74.2
2075,1070,2025-02-06,3,7.5,56.4
2076,1070,2025-02-07,3,6.9,54.5
2077,1070,2025-02-08,1,6.5,44.1
2078,1070,2025-02-09,4,7.7,62.7
2079,1070,2025-02-10,4,6.4,63.6
2080,1070,2025-02-11,1,6.1,46.4
2081,1070,2025-02-12,7,8.2,62.7
2082,1070,2025-02-13,0,6.7,42.8
2083,1070,2025-02-14,1,8.6,50.5
2084,1070,2025-02-15,4,6.9,64.7
2085,1070,2025-02-16,3,6.4,61.0
2086,1070,2025-02-17,3,6.3,64.4
2087,1070,2025-02-18,5,5.3,70.5
2088,1070,2025-02-19,2,7.46295193534666,61.8
2089,1070,2025-02-20,3,8.2,56.3
2090,1070,2025-02-21,1,8.0,52.4
2091,1070,2025-02-22,3,9.7,60.4
2092,1070,2025-02-23,1,8.4,52.7
2093,1070,2025-02-24,4,6.9,66.1
2094,1070,2025-02-25,1,10.9,57.8
2095,1070,2025-02-26,3,7.5,58.4
2096,1070,2025-02-27,7,7.0,70.9
2097,1070,2025-02-28,3,6.3,60.6
2098,1070,2025-03-01,3,6.9,60.9
2099,1070,2025-03-02,4,6.5,65.2
2100,1071,2025-02-01,0,7.5,41.0
2101,1071,2025-02-02,5,8.5,74.5
2102,1071,2025-02-03,2,6.5,53.4
2103,1071,2025-02-04,2,6.7,59.3
2104,1071,2025-02-05,5,8.2,59.3
2105,1071,2025-02-06,4,7.2,66.2
2106,1071,2025-02-07,4,7.7,68.4
2107,1071,2025-02-08,3,5.7,56.7
2108,1071,2025-02-09,2,6.5,49.4
2109,1071,2025-02-10,2,6.9,56.0
2110,1071,2025-02-11,5,7.6,51.4
2111,1071,2025-02-12,7,7.6,69.3
2112,1071,2025-02-13,3,7.9,50.5
2113,1071,2025-02-14,3,8.8,64.6
2114,1071,2025-02-15,3,6.5,58.1
2115,1071,2025-02-16,3,8.4,52.1
2116,1071,2025-02-17,2,7.4,44.2
2117,1071,2025-02-18,3,7.7,57.5
2118,1071,2025-02-19,2,5.6,64.9
2119,1071,2025-02-20,2,7.8,49.1
2120,1071,2025-02-21,3,7.8,56.8
2121,1071,2025-02-22,3,6.8,69.4
2122,1071,2025-02-23,4,7.6,60.2
2123,1071,2025-02-24,4,8.2,58.2
2124,1071,2025-02-25,0,6.9,41.9
2125,1071,2025-02-26,1,6.7,44.2
2126,1071,2025-02-27,5,7.7,69.2
2127,1071,2025-02-28,4,6.5,64.8
2128,1071,2025-03-01,2,8.6,58.7
2129,1071,2025-03-02,5,6.6,66.5
2130,1072,2025-02-01,2,6.8,51.1
2131,1072,2025-02-02,4,7.46295193534666,58.8
2132,1072,2025-02-03,2,6.2,50.7
2133,1072,2025-02-04,5,9.4,65.4
2134,1072,2025-02-05,5,7.46295193534666,72.0
2135,1072,2025-02-06,0,7.1,51.2
2136,1072,2025-02-07,4,8.3,62.8
2137,1072,2025-02-08,3,7.2,63.6
2138,1072,2025-02-09,2,7.6,51.1
2139,1072,2025-02-10,2,8.6,58.9
2140,1072,2025-02-11,2,7.46295193534666,58.9
2141,1072,2025-02-12,7,7.9,76.7
2142,1072,2025-02-13,2,8.7,60.8
2143,1072,2025-02-14,3,7.0,60.2
2144,1072,2025-02-15,4,7.1,67.8
2145,1072,2025-02-16,1,6.1,50.2
2146,1072,2025-02-17,3,5.4,64.5
2147,1072,2025-02-18,3,8.2,58.4
2148,1072,2025-02-19,4,6.8,59.2
2149,1072,2025-02-20,1,8.7,50.0
2150,1072,2025-02-21,3,7.5,55.8
2151,1072,2025-02-22,2,7.7,57.6
2152,1072,2025-02-23,3,7.5,60.8
2153,1072,2025-02-24,3,8.5,64.9
2154,1072,2025-02-25,0,7.5,50.3
2155,1072,2025-02-26,0,7.1,45.8
2156,1072,2025-02-27,4,6.7,62.4
2157,1072,2025-02-28,2,9.2,57.2
2158,1072,2025-03-01,2,7.9,50.8
2159,1072,2025-03-02,6,7.7,70.9
2160,1073,2025-02-01,2,6.7,50.3
2161,1073,2025-02-02,2,6.2,52.5
2162,1073,2025-02-03,3,7.9,44.1
2163,1073,2025-02-04,2,6.7,53.8
2164,1073,2025-02-05,3,7.9,50.7
2165,1073,2025-02-06,4,7.4,53.2
2166,1073,2025-02-07,2,8.2,54.3
2167,1073,2025-02-08,3,6.8,50.6
2168,1073,2025-02-09,3,8.5,65.9
2169,1073,2025-02-10,1,7.6,50.2
2170,1073,2025-02-11,2,8.5,54.9
2171,1073,2025-02-12,1,7.3,53.6
2172,1073,2025-02-13,1,7.4,49.6
2173,1073,2025-02-14,3,8.2,55.7
2174,1073,2025-02-15,6,7.8,82.2
2175,1073,2025-02-16,2,8.0,40.9
2176,1073,2025-02-17,6,7.9,69.9
2177,1073,2025-02-18,1,7.9,46.9
2178,1073,2025-02-19,5,9.1,68.5
2179,1073,2025-02-20,4,7.2,52.5
2180,1073,2025-02-21,4,8.2,61.7
2181,1073,2025-02-22,0,7.0,47.0
2182,1073,2025-02-23,2,7.3,61.3
2183,1073,2025-02-24,4,9.5,56.7
2184,1073,2025-02-25,0,8.1,50.4
2185,1073,2025-02-26,4,9.7,70.5
2186,1073,2025-02-27,5,6.8,63.6
2187,1073,2025-02-28,5,7.3,72.0
2188,1073,2025-03-01,3,5.9,65.1
2189,1073,2025-03-02,4,7.0,53.0
2190,1074,2025-02-01,6,8.4,75.6
2191,1074,2025-02-02,5,6.4,75.1
2192,1074,2025-02-03,0,6.8,42.2
2193,1074,2025-02-04,2,6.9,51.9
2194,1074,2025-02-05,3,5.7,68.5
2195,1074,2025-02-06,6,7.3,67.4
2196,1074,2025-02-07,2,7.0,60.3
2197,1074,2025-02-08,3,7.8,57.1
2198,1074,2025-02-09,3,7.0,62.7
2199,1074,2025-02-10,3,8.0,58.5
2200,1074,2025-02-11,4,7.3,59.5
2201,1074,2025-02-12,3,6.9,65.3
2202,1074,2025-02-13,4,6.9,65.5
2203,1074,2025-02-14,2,7.8,47.9
2204,1074,2025-02-15,6,4.7,72.6
2205,1074,2025-02-16,1,7.8,47.7
2206,1074,2025-02-17,1,7.9,50.1
2207,1074,2025-02-18,2,5.8,55.4
2208,1074,2025-02-19,2,9.2,59.4
2209,1074,2025-02-20,3,7.4,48.2
2210,1074,2025-02-21,3,8.6,61.0
2211,1074,2025-02-22,2,7.4,66.5
2212,1074,2025-02-23,5,7.0,70.2
2213,1074,2025-02-24,1,7.46295193534666,48.8
2214,1074,2025-02-25,7,6.1,70.3
2215,1074,2025-02-26,3,8.3,61.8
2216,1074,2025-02-27,1,5.9,47.4
2217,1074,2025-02-28,4,7.2,62.8
2218,1074,2025-03-01,1,7.8,50.2
2219,1074,2025-03-02,2,8.6,51.7
2220,1075,2025-02-01,2,7.9,60.1
2221,1075,2025-02-02,5,7.8,60.2
2222,1075,2025-02-03,0,7.5,43.5
2223,1075,2025-02-04,3,7.0,56.2
2224,1075,2025-02-05,5,7.5,55.0
2225,1075,2025-02-06,5,9.1,69.1
2226,1075,2025-02-07,5,6.1,48.3
2227,1075,2025-02-08,0,6.1,51.1
2228,1075,2025-02-09,4,7.9,60.9
2229,1075,2025-02-10,4,6.7,61.8
2230,1075,2025-02-11,5,6.4,63.2
2231,1075,2025-02-12,4,7.46295193534666,71.9
2232,1075,2025-02-13,5,9.2,71.5
2233,1075,2025-02-14,7,5.8,75.4
2234,1075,2025-02-15,4,7.2,58.7
2235,1075,2025-02-16,2,7.0,56.7
2236,1075,2025-02-17,4,7.5,60.5
2237,1075,2025-02-18,2,8.2,47.7
2238,1075,2025-02-19,5,7.6,76.2
2239,1075,2025-02-20,3,6.2,56.2
2240,1075,2025-02-21,2,6.0,46.5
2241,1075,2025-02-22,3,8.2,58.1
2242,1075,2025-02-23,4,8.1,59.2
2243,1075,2025-02-24,2,6.8,62.5
2244,1075,2025-02-25,3,6.4,54.9
2245,1075,2025-02-26,7,7.7,71.1
2246,1075,2025-02-27,0,6.7,50.6
2247,1075,2025-02-28,3,6.7,69.7
2248,1075,2025-03-01,3,10.0,53.6
2249,1075,2025-03-02,1,7.4,42.3
2250,1076,2025-02-01,2,8.0,56.1
2251,1076,2025-02-02,3,6.7,62.9
2252,1076,2025-02-03,3,5.5,53.9
2253,1076,2025-02-04,1,8.6,44.9
2254,1076,2025-02-05,4,5.8,65.6
2255,1076,2025-02-06,0,8.5,44.1
2256,1076,2025-02-07,4,7.3,59.8
2257,1076,2025-02-08,0,5.7,41.7
2258,1076,2025-02-09,3,6.3,67.9
2259,1076,2025-02-10,5,7.3,74.6
2260,1076,2025-02-11,3,6.3,56.9
2261,1076,2025-02-12,4,6.7,71.1
2262,1076,2025-02-13,2,8.3,52.8
2263,1076,2025-02-14,1,6.2,53.8
2264,1076,2025-02-15,0,7.8,41.4
2265,1076,2025-02-16,5,6.8,68.6
2266,1076,2025-02-17,4,7.46295193534666,110.0
2267,1076,2025-02-18,1,7.9,40.3
2268,1076,2025-02-19,6,8.5,63.0
2269,1076,2025-02-20,5,6.7,65.4
2270,1076,2025-02-21,4,7.4,61.6
2271,1076,2025-02-22,1,6.6,39.8
2272,1076,2025-02-23,5,8.0,62.2
2273,1076,2025-02-24,5,7.46295193534666,69.5
2274,1076,2025-02-25,2,6.9,62.8
2275,1076,2025-02-26,3,6.6,55.3
2276,1076,2025-02-27,4,9.5,63.5
2277,1076,2025-02-28,1,7.8,48.3
2278,1076,2025-03-01,6,8.7,69.8
2279,1076,2025-03-02,1,7.0,52.2
2280,1077,2025-02-01,3,7.6,40.7
2281,1077,2025-02-02,1,6.2,42.9
2282,1077,2025-02-03,4,6.6,64.4
2283,1077,2025-02-04,5,6.8,63.1
2284,1077,2025-02-05,0,8.8,41.9
2285,1077,2025-02-06,6,8.0,79.2
2286,1077,2025-02-07,0,8.2,48.8
2287,1077,2025-02-08,5,6.7,64.6
2288,1077,2025-02-09,5,5.9,62.7
2289,1077,2025-02-10,4,7.0,61.6
2290,1077,2025-02-11,0,9.1,43.1
2291,1077,2025-02-12,2,8.8,66.5
2292,1077,2025-02-13,1,8.2,38.2
2293,1077,2025-02-14,3,7.4,63.6
2294,1077,2025-02-15,3,9.2,59.5
2295,1077,2025-02-16,5,6.5,67.4
2296,1077,2025-02-17,2,8.0,72.5
2297,1077,2025-02-18,3,7.0,58.6
2298,1077,2025-02-19,0,6.3,44.5
2299,1077,2025-02-20,3,6.1,57.8
2300,1077,2025-02-21,0,6.1,36.4
2301,1077,2025-02-22,3,8.1,62.4
2302,1077,2025-02-23,3,9.4,54.6
2303,1077,2025-02-24,2,8.0,54.2
2304,1077,2025-02-25,6,6.0,80.6
2305,1077,2025-02-26,0,8.3,48.2
2306,1077,2025-02-27,1,6.7,43.6
2307,1077,2025-02-28,1,7.5,57.0
2308,1077,2025-03-01,6,6.9,78.8
2309,1077,2025-03-02,2,8.6,57.1
2310,1078,2025-02-01,3,7.9,47.7
2311,1078,2025-02-02,5,6.3,75.2
2312,1078,2025-02-03,4,6.5,67.9
2313,1078,2025-02-04,3,8.2,58.3
2314,1078,2025-02-05,7,8.3,69.1
2315,1078,2025-02-06,2,8.1,61.7
2316,1078,2025-02-07,3,8.4,62.5
2317,1078,2025-02-08,6,6.6,74.1
2318,1078,2025-02-09,4,7.9,60.7
2319,1078,2025-02-10,3,8.6,77.3
2320,1078,2025-02-11,5,6.7,66.1
2321,1078,2025-02-12,2,7.5,51.9
2322,1078,2025-02-13,2,5.7,54.1
2323,1078,2025-02-14,3,6.4,51.0
2324,1078,2025-02-15,3,6.9,65.0
2325,1078,2025-02-16,7,5.8,66.8
2326,1078,2025-02-17,2,6.2,55.0
2327,1078,2025-02-18,2,8.2,60.8
2328,1078,2025-02-19,2,6.2,55.2
2329,1078,2025-02-20,2,7.0,49.2
2330,1078,2025-02-21,0,7.1,43.4
2331,1078,2025-02-22,2,6.5,59.0
2332,1078,2025-02-23,4,6.3,64.5
2333,1078,2025-02-24,3,8.4,44.2
2334,1078,2025-02-25,4,8.7,63.7
2335,1078,2025-02-26,3,8.0,58.2
2336,1078,2025-02-27,3,8.7,57.1
2337,1078,2025-02-28,5,6.4,64.6
2338,1078,2025-03-01,2,8.4,61.0
2339,1078,2025-03-02,2,6.8,53.3
2340,1079,2025-02-01,2,7.1,53.3
2341,1079,2025-02-02,3,6.1,56.2
2342,1079,2025-02-03,6,6.2,72.9
2343,1079,2025-02-04,3,9.5,59.2
2344,1079,2025-02-05,6,7.6,69.5
2345,1079,2025-02-06,3,6.4,59.7
2346,1079,2025-02-07,2,7.0,59.0
2347,1079,2025-02-08,3,5.8,60.9
2348,1079,2025-02-09,4,9.7,64.2
2349,1079,2025-02-10,2,8.0,48.7
2350,1079,2025-02-11,2,8.1,53.1
2351,1079,2025-02-12,0,7.2,45.7
2352,1079,2025-02-13,3,6.1,47.7
2353,1079,2025-02-14,4,8.2,60.0
2354,1079,2025-02-15,2,7.2,58.2
2355,1079,2025-02-16,3,5.9,65.1
2356,1079,2025-02-17,3,6.7,55.7
2357,1079,2025-02-18,4,9.1,64.0
2358,1079,2025-02-19,5,7.9,69.0
2359,1079,2025-02-20,6,6.5,70.5
2360,1079,2025-02-21,2,7.46295193534666,47.3
2361,1079,2025-02-22,3,6.9,55.7
2362,1079,2025-02-23,5,6.8,77.7
2363,1079,2025-02-24,3,5.5,63.6
2364,1079,2025-02-25,0,6.4,46.9
2365,1079,2025-02-26,3,8.2,55.7
2366,1079,2025-02-27,2,7.1,56.1
2367,1079,2025-02-28,4,6.4,68.9
2368,1079,2025-03-01,7,7.5,73.2
2369,1079,2025-03-02,2,8.5,43.2
2370,1080,2025-02-01,6,8.9,66.2
2371,1080,2025-02-02,2,7.3,58.2
2372,1080,2025-02-03,0,7.46295193534666,47.7
2373,1080,2025-02-04,1,7.4,49.8
2374,1080,2025-02-05,1,7.5,50.0
2375,1080,2025-02-06,2,6.0,46.0
2376,1080,2025-02-07,4,8.0,61.2
2377,1080,2025-02-08,3,7.0,64.6
2378,1080,2025-02-09,2,9.3,49.9
2379,1080,2025-02-10,5,6.3,69.0
2380,1080,2025-02-11,1,6.9,54.3
2381,1080,2025-02-12,1,8.9,53.3
2382,1080,2025-02-13,4,8.3,70.6
2383,1080,2025-02-14,4,6.9,65.7
2384,1080,2025-02-15,3,8.8,58.3
2385,1080,2025-02-16,7,8.3,67.2
2386,1080,2025-02-17,3,7.4,64.9
2387,1080,2025-02-18,4,6.6,63.0
2388,1080,2025-02-19,2,8.3,58.4
2389,1080,2025-02-20,5,8.4,63.5
2390,1080,2025-02-21,3,8.5,110.0
2391,1080,2025-02-22,1,8.0,49.2
2392,1080,2025-02-23,3,8.2,58.7
2393,1080,2025-02-24,2,6.4,58.7
2394,1080,2025-02-25,5,7.3,53.3
2395,1080,2025-02-26,4,6.3,54.3
2396,1080,2025-02-27,3,8.6,53.9
2397,1080,2025-02-28,5,4.5,63.7
2398,1080,2025-03-01,2,7.3,54.2
2399,1080,2025-03-02,1,6.3,47.5
2400,1045,2025-03-01,0,5.7,38.4
2401,1016,2025-02-19,0,8.7,46.7
2402,1049,2025-02-24,1,8.4,48.1
2403,1076,2025-02-18,1,7.9,40.3
2404,1032,2025-02-14,4,4.8,63.6
2405,1028,2025-03-02,2,8.4,41.9
2406,1014,2025-02-07,2,8.7,50.1
2407,1042,2025-02-07,2,5.8,57.0
2408,1031,2025-02-01,6,8.1,72.4
2409,1074,2025-02-01,6,8.4,75.6
2410,1056,2025-02-23,3,4.8,52.9
2411,1041,2025-02-16,5,9.6,72.7
2412,1043,2025-02-04,3,6.0,55.4
2413,1007,2025-02-15,1,7.1,51.6
2414,1052,2025-02-23,6,5.9,69.2
2415,1042,2025-02-20,2,9.4,45.4
2416,1068,2025-02-15,4,6.1,56.6
2417,1019,2025-03-02,0,7.6,50.1
2418,1025,2025-02-06,3,8.5,66.5
2419,1055,2025-02-06,1,7.0,48.4
2420,1001,2025-02-18,1,8.1,51.3
2421,1040,2025-02-14,0,8.0,34.8
2422,1072,2025-02-11,2,7.46295193534666,58.9
2423,1005,2025-02-01,2,7.1,56.9
