Date,Ville,Temp√©rature,Pollution
2024-01-01,Paris,5.867634501846383,59.31917856199651
2024-01-01,Lyon,6.759102733950435,69.75680361441749
2024-01-01,Marseille,1.3561299650298477,55.30129883679748
2024-01-02,Paris,5.7720049806757565,62.87606403408459
2024-01-02,Lyon,5.482721859332608,60.01848748512871
2024-01-02,Marseille,7.275120124066843,69.2481057589819
2024-01-03,Paris,5.906356403471238,70.16668803980765
2024-01-03,Lyon,6.709313692852898,60.7157940641803
2024-01-03,Marseille,6.511796576513804,60.09933310464804
2024-01-04,Paris,7.788937004649343,65.4000357009242
2024-01-04,Lyon,5.662311674944277,60.96904233601273
2024-01-04,Marseille,8.47711907938286,65.28992709035157
2024-01-05,Paris,5.432816336735482,62.46200379894622
2024-01-05,Lyon,7.354090352168394,67.20265628246752
2024-01-05,Marseille,7.114937204253673,67.3860490869377
2024-01-06,Paris,10.829820663452445,65.4125255152636
2024-01-06,Lyon,5.522040003568448,60.19106856001689
2024-01-06,Marseille,7.778484306862515,71.25866024683717
2024-01-07,Paris,6.575225758180541,
2024-01-07,Lyon,5.154158242107812,67.2729461089656
2024-01-07,Marseille,8.289629015897175,68.61703597564168
2024-01-08,Paris,5.728162167121583,65.50302843692877
2024-01-08,Lyon,7.2925531999804285,66.37429942495555
2024-01-08,Marseille,8.802039137595353,67.30452574775285
2024-01-09,Paris,8.672459436108007,66.42159766574625
2024-01-09,Lyon,7.8928711073441855,68.77239045023619
2024-01-09,Marseille,4.400320670252885,61.922062977002206
2024-01-10,Paris,6.628651854136573,61.635002938825835
2024-01-10,Lyon,7.019112660268796,72.53837521989385
2024-01-10,Marseille,5.837734931335676,69.19623379931942
2024-01-11,Paris,4.4576611044170535,61.82142757140136
2024-01-11,Lyon,8.148906777858674,68.6417117821916
2024-01-11,Marseille,9.245853807234372,70.33550451902026
2024-01-12,Paris,7.379117353532413,62.903112248465774
2024-01-12,Lyon,9.792519260543596,65.70639073158725
2024-01-12,Marseille,5.525194851353444,58.436081640463826
2024-01-13,Paris,6.48991812305926,67.13039991667632
2024-01-13,Lyon,8.613674167203614,69.37127659323298
2024-01-13,Marseille,7.474317402389414,66.02793421938918
2024-01-14,Paris,9.831272278023926,65.06303118704267
2024-01-14,Lyon,9.493641965204075,63.0975559926187
2024-01-14,Marseille,7.853983796959109,63.51470132701333
2024-01-15,Paris,6.438620135564726,66.96651262131951
2024-01-15,Lyon,7.891494746337357,65.46584557749362
2024-01-15,Marseille,9.791792744554623,68.77620966293526
2024-01-16,Paris,10.410142580957155,66.37674890056866
2024-01-16,Lyon,8.232775738923275,65.16416516336345
2024-01-16,Marseille,5.704703495095523,56.81035050948336
2024-01-17,Paris,6.68183726850033,59.59772010664319
2024-01-17,Lyon,10.126784946656008,62.12352757474369
2024-01-17,Marseille,8.570911385130355,72.21354020355894
2024-01-18,Paris,8.861290427721483,69.5281278562723
2024-01-18,Lyon,7.706583009824582,64.12053777386059
2024-01-18,Marseille,7.6737742600231735,63.43287493381507
2024-01-19,Paris,11.499661200300256,58.73307213497917
2024-01-19,Lyon,10.68789221247718,68.07129086990845
2024-01-19,Marseille,8.630745013991877,58.418035267213604
2024-01-20,Paris,10.207102509339439,63.88997113541311
2024-01-20,Lyon,10.528195916621108,66.83935145271835
2024-01-20,Marseille,13.26640127655353,67.17623580369546
2024-01-21,Paris,8.258146847401845,66.20494577635417
2024-01-21,Lyon,10.745135200589106,73.59669848968713
2024-01-21,Marseille,11.975364324474732,69.32325338356387
2024-01-22,Paris,13.47247392579922,62.43108319789702
2024-01-22,Lyon,9.2663650778606,
2024-01-22,Marseille,9.76624853704856,59.267732498479326
2024-01-23,Paris,12.055252987282914,66.34843379528077
2024-01-23,Lyon,7.8433385046487905,59.85450318515644
2024-01-23,Marseille,11.411978788554496,71.26421560100948
2024-01-24,Paris,15.015781621473169,83.73742418559341
2024-01-24,Lyon,11.851138704641588,62.3216355052985
2024-01-24,Marseille,6.758227276626977,65.55213656036824
2024-01-25,Paris,9.632021848564099,63.790603181635056
2024-01-25,Lyon,10.033710441065136,65.40444820595218
2024-01-25,Marseille,13.389864500760039,68.90733791107778
2024-01-26,Paris,11.174364214179091,61.541366605697235
2024-01-26,Lyon,8.142267998847753,62.46883809526083
2024-01-26,Marseille,11.384068786619826,75.68510768119015
2024-01-27,Paris,11.983989169051931,72.04327702173902
2024-01-27,Lyon,10.724848929027853,60.44937649052416
2024-01-27,Marseille,9.793206601641415,62.18897960349865
2024-01-28,Paris,16.210193528413093,65.4798889362673
2024-01-28,Lyon,13.630232471015454,63.524209807515525
2024-01-28,Marseille,13.816400089291252,70.07530109944544
2024-01-29,Paris,11.867731806420647,66.6964273001841
2024-01-29,Lyon,10.871432210878046,68.53282118094612
2024-01-29,Marseille,11.271040641055267,60.4141964128058
2024-01-30,Paris,9.85075810376042,66.46928834433297
2024-01-30,Lyon,15.564815765220528,69.83474142046562
2024-01-30,Marseille,12.169356600179892,68.42663855158675
2024-01-31,Paris,15.242067641195217,69.85176325042636
2024-01-31,Lyon,11.808209696114092,72.22597952685784
2024-01-31,Marseille,13.487577034704794,75.3809363396928
2024-02-01,Paris,13.217702984927067,61.32905184336683
2024-02-01,Lyon,10.114915711991925,73.84436429936449
2024-02-01,Marseille,16.298565552049848,68.40231847583
2024-02-02,Paris,12.303702930802519,74.11885859324035
2024-02-02,Lyon,10.855986208987519,61.4693720041612
2024-02-02,Marseille,14.356731162452583,66.07042845672143
2024-02-03,Paris,13.276285964074152,66.48411480420762
2024-02-03,Lyon,13.961678795112162,74.74997430202157
2024-02-03,Marseille,13.467699511317786,70.63587139156066
2024-02-04,Paris,9.40018214230472,64.63574733330779
2024-02-04,Lyon,11.814065803781023,60.23360423772601
2024-02-04,Marseille,11.744221610509264,64.61514582037704
2024-02-05,Paris,15.543809186519042,61.834782858295775
2024-02-05,Lyon,13.77326708699585,64.98357402061178
2024-02-05,Marseille,13.056657913083093,71.98824480945505
2024-02-06,Paris,14.997131178419302,74.72454886259351
2024-02-06,Lyon,13.61188894591165,63.726699927521686
2024-02-06,Marseille,13.473182670650452,68.3356731770746
2024-02-07,Paris,14.480299768634314,62.20195558953523
2024-02-07,Lyon,14.30813261498264,68.66173730920558
2024-02-07,Marseille,19.16210112679473,79.81719982200666
2024-02-08,Paris,12.624214525495372,64.96741294432198
2024-02-08,Lyon,11.403817222939006,62.7185563007166
2024-02-08,Marseille,14.961911233793693,73.83621588148802
2024-02-09,Paris,13.073316837865445,63.29482374737193
2024-02-09,Lyon,10.236906453875353,64.05038011459231
2024-02-09,Marseille,12.406655689633537,63.518362121941394
2024-02-10,Paris,12.975721859189544,65.92516293085869
2024-02-10,Lyon,11.213986632811459,58.00420833933968
2024-02-10,Marseille,18.987937639581318,63.56669226398639
2024-02-11,Paris,12.730948116724896,75.32140052368717
2024-02-11,Lyon,20.73465361211499,65.08122303518796
2024-02-11,Marseille,14.188021360058114,68.7188545827831
2024-02-12,Paris,18.574049571305366,64.5934078906731
2024-02-12,Lyon,14.626098590609962,71.04561057470578
2024-02-12,Marseille,15.986186431427418,66.09419504273703
2024-02-13,Paris,15.038145579322922,60.41448355342949
2024-02-13,Lyon,14.829444020405672,65.83180420988428
2024-02-13,Marseille,15.770131287607516,64.95151792615508
2024-02-14,Paris,16.434951950864985,73.07128412004774
2024-02-14,Lyon,15.802733561111639,69.3871560390926
2024-02-14,Marseille,15.59818560093044,67.50606718644494
2024-02-15,Paris,14.231733267140925,68.14678601034267
2024-02-15,Lyon,15.48027613739964,77.77928196878433
2024-02-15,Marseille,18.821559139177104,71.24744298798035
2024-02-16,Paris,14.328546155049152,60.936804215542125
2024-02-16,Lyon,18.236946480616417,70.15764789653527
2024-02-16,Marseille,16.81494738122191,59.26777237629191
2024-02-17,Paris,17.88613230757614,70.77992896608438
2024-02-17,Lyon,13.810393975630824,63.70476023859563
2024-02-17,Marseille,16.558689753172818,67.9736957341518
2024-02-18,Paris,15.620238943841219,66.50325600561779
2024-02-18,Lyon,15.700626559034559,67.83174247557595
2024-02-18,Marseille,19.147565261434643,56.30380093184717
2024-02-19,Paris,15.900886598159069,67.94208402454481
2024-02-19,Lyon,16.966575106552636,65.83936211611227
2024-02-19,Marseille,12.861143562221272,66.87565351469044
2024-02-20,Paris,19.995922831587436,61.715740894887034
2024-02-20,Lyon,18.268878430655445,66.70619516329405
2024-02-20,Marseille,16.418573711601372,61.97414589395635
2024-02-21,Paris,16.035525421349877,73.37564395615718
2024-02-21,Lyon,17.869748250037045,76.63751270692441
2024-02-21,Marseille,19.05926154401702,70.88509605091056
2024-02-22,Paris,20.352053903687242,71.52506214859108
2024-02-22,Lyon,18.520161204945776,66.74810596798116
2024-02-22,Marseille,16.99727648307007,63.8301107860279
2024-02-23,Paris,18.999584191809856,62.490041543570754
2024-02-23,Lyon,18.585117007455473,67.17962406100666
2024-02-23,Marseille,19.362910509554787,72.35390039344836
2024-02-24,Paris,20.814378200404022,72.98548211221933
2024-02-24,Lyon,14.029005373803937,64.92561909607505
2024-02-24,Marseille,14.829071499920786,63.14902542440479
2024-02-25,Paris,20.344605166089657,72.09685508106016
2024-02-25,Lyon,15.92428744237872,61.18840856014312
2024-02-25,Marseille,17.387712485288734,61.05224967118548
2024-02-26,Paris,16.125278840693955,67.79538902874305
2024-02-26,Lyon,19.77818346770051,71.47089180831296
2024-02-26,Marseille,12.88498037829092,65.8129962386963
2024-02-27,Paris,17.753343230982328,69.13773557201267
2024-02-27,Lyon,20.84169544781959,58.60510409122785
2024-02-27,Marseille,16.42706923413496,69.22705136100757
2024-02-28,Paris,14.58406757400503,72.40096287109428
2024-02-28,Lyon,18.483969598314232,71.59407877462928
2024-02-28,Marseille,16.605369049869324,70.30281696617637
2024-02-29,Paris,20.01840248611512,69.29914571363915
2024-02-29,Lyon,18.350261159534437,68.48558701341354
2024-02-29,Marseille,16.154768844658282,65.07893202687744
2024-03-01,Paris,17.706800256039234,68.51618236446282
2024-03-01,Lyon,20.011493814764542,62.689348768038485
2024-03-01,Marseille,17.761827260304795,74.03950698354954
2024-03-02,Paris,16.651199119538514,61.7045468028837
2024-03-02,Lyon,18.54298796082603,71.17279614653441
2024-03-02,Marseille,18.16122768828496,73.36661698276811
2024-03-03,Paris,19.974600614283506,71.86745287460045
2024-03-03,Lyon,19.36924565179864,78.93340506438965
2024-03-03,Marseille,17.850689271418364,56.366394274098475
2024-03-04,Paris,21.58822891992751,66.18516223649543
2024-03-04,Lyon,18.595481085579294,73.22576411497326
2024-03-04,Marseille,15.175201114775376,58.36760663765757
2024-03-05,Paris,15.291907170545944,60.57097517176109
2024-03-05,Lyon,19.373736256817637,69.61169328771507
2024-03-05,Marseille,19.04701140344076,59.730889742163264
2024-03-06,Paris,13.98500031877425,63.87377682617736
2024-03-06,Lyon,17.66165512476287,68.10493064140168
2024-03-06,Marseille,20.00911444448208,67.90768453494357
2024-03-07,Paris,20.23218599353171,68.33962575029435
2024-03-07,Lyon,19.772049233982937,63.39412050964033
2024-03-07,Marseille,18.352696995117086,67.04975596395502
2024-03-08,Paris,20.455626266584357,65.20097439413563
2024-03-08,Lyon,19.856903827213745,
2024-03-08,Marseille,18.57948498109326,70.1915906940842
2024-03-09,Paris,14.92700451157964,57.21103821447867
2024-03-09,Lyon,15.94875445880231,52.638369223944544
2024-03-09,Marseille,17.556596373377598,69.01832447056995
2024-03-10,Paris,18.43779029957873,66.62860697778774
2024-03-10,Lyon,21.185993425765464,73.92700910512899
2024-03-10,Marseille,18.8692825628916,72.6664813739132
2024-03-11,Paris,19.28209418599665,61.79797308413924
2024-03-11,Lyon,17.909040164730964,57.75844922769205
2024-03-11,Marseille,17.321573161661128,
2024-03-12,Paris,20.791115850164342,75.33193951304833
2024-03-12,Lyon,16.41958278065306,66.06930785681122
2024-03-12,Marseille,17.102857933092068,66.88862104929105
2024-03-13,Paris,19.003674443051853,56.337845480342935
2024-03-13,Lyon,21.122441727564272,63.73863141624438
2024-03-13,Marseille,18.198047267680195,59.66023624790914
2024-03-14,Paris,18.03495584550347,66.88642906711016
2024-03-14,Lyon,18.965033717005774,66.94833359794936
2024-03-14,Marseille,20.06736610673627,72.56973129801608
2024-03-15,Paris,18.731374456355756,57.61550532055948
2024-03-15,Lyon,21.55139159122848,65.0343638252255
2024-03-15,Marseille,21.64613164723927,68.66553428523059
2024-03-16,Paris,19.223824004416134,66.87329184357915
2024-03-16,Lyon,23.388124185075423,78.01289512701202
2024-03-16,Marseille,19.624861335088383,66.17098773833641
2024-03-17,Paris,21.703439142705378,62.22225554274585
2024-03-17,Lyon,20.21709957300912,65.42944272499555
2024-03-17,Marseille,20.178775250687714,61.36891834162496
2024-03-18,Paris,16.43237184096837,52.75566277970744
2024-03-18,Lyon,17.37673860160709,61.39382359135047
2024-03-18,Marseille,19.025123654288784,74.36238685980373
2024-03-19,Paris,21.879711862399446,61.410517995362014
2024-03-19,Lyon,20.363142027486766,63.27564049437091
2024-03-19,Marseille,19.09899744650466,65.4791731746102
2024-03-20,Paris,20.957939288024924,63.802986973103174
2024-03-20,Lyon,21.847300119542858,60.323204760721985
2024-03-20,Marseille,19.732275178798677,77.75224955996667
2024-03-21,Paris,20.21326673653193,72.0493474791643
2024-03-21,Lyon,19.950147607627798,67.62928894543995
2024-03-21,Marseille,19.653540862495998,63.69540151589086
2024-03-22,Paris,18.251276842458957,65.68786675129448
2024-03-22,Lyon,18.10716725753826,66.77782038712145
2024-03-22,Marseille,21.980815644801616,67.60674027409847
2024-03-23,Paris,19.276489959198912,66.25112482423326
2024-03-23,Lyon,19.23164131521747,68.63212336862667
2024-03-23,Marseille,16.18617525788005,60.44907126630523
2024-03-24,Paris,15.901709151020988,54.31051397834446
2024-03-24,Lyon,22.611057600896803,70.2873521092644
2024-03-24,Marseille,18.444372674699405,55.798898963483055
2024-03-25,Paris,13.984210927725975,57.746862483614045
2024-03-25,Lyon,24.754098627904085,69.10069400070232
2024-03-25,Marseille,18.7941240313103,65.67568893292935
2024-03-26,Paris,16.816868236218802,60.50602022855352
2024-03-26,Lyon,20.137739888239164,63.55465677414867
2024-03-26,Marseille,21.520397185587846,66.53798054284339
2024-03-27,Paris,21.29652663283833,61.06700586752998
2024-03-27,Lyon,21.75550541344343,72.92893928516679
2024-03-27,Marseille,18.01957555731951,58.104218354799684
2024-03-28,Paris,22.64809998997393,64.19130996151509
2024-03-28,Lyon,22.78417410146658,63.016995802425065
2024-03-28,Marseille,22.886622469874887,65.94857246695824
2024-03-29,Paris,20.50520781524064,71.51393760641565
2024-03-29,Lyon,19.26520921370691,
2024-03-29,Marseille,19.091621752538543,65.10386561366056
2024-03-30,Paris,16.865009385337334,64.52152111882023
2024-03-30,Lyon,18.918984894462877,68.30561521470777
2024-03-30,Marseille,15.208006919897418,56.40713625077983
2024-03-31,Paris,16.626924793574645,56.88804292728747
2024-03-31,Lyon,20.495192898260736,62.44401799467011
2024-03-31,Marseille,19.49310595814682,61.94297460095024
2024-04-01,Paris,20.405526361060957,
2024-04-01,Lyon,21.412449161619172,67.03169638814883
2024-04-01,Marseille,20.76882575513327,66.11485970608618
2024-04-02,Paris,20.586030211927678,73.22578159234287
2024-04-02,Lyon,19.81900586820534,61.054784380781236
2024-04-02,Marseille,18.486139049595604,56.62916702839909
2024-04-03,Paris,17.494252158573353,56.5793508457651
2024-04-03,Lyon,19.84183497047136,64.10336274154707
2024-04-03,Marseille,20.085479850879825,58.750397640155015
2024-04-04,Paris,21.76912654102081,
2024-04-04,Lyon,19.64946079813685,58.880011261065384
2024-04-04,Marseille,21.065613254640486,63.93415139572165
2024-04-05,Paris,17.05362900748246,60.07551217126323
2024-04-05,Lyon,20.473955150461315,57.96913520453379
2024-04-05,Marseille,20.32957031198744,55.10686580759929
2024-04-06,Paris,22.598951866534804,69.81091965788933
2024-04-06,Lyon,19.421544997904533,63.48199730060937
2024-04-06,Marseille,15.106735734910714,
2024-04-07,Paris,19.311294898706954,56.06676583613487
2024-04-07,Lyon,21.327645704272534,72.62372408034848
2024-04-07,Marseille,17.54562330015261,56.180710963710595
2024-04-08,Paris,20.33760769652168,69.92799829506916
2024-04-08,Lyon,17.421962334822013,61.368210947085956
2024-04-08,Marseille,23.50930866152804,55.51664239067853
2024-04-09,Paris,17.268025439793444,57.74222824812536
2024-04-09,Lyon,18.788987027774287,64.83584467198628
2024-04-09,Marseille,20.313483293126783,52.812725694218905
2024-04-10,Paris,20.820043055259077,58.933815141356
2024-04-10,Lyon,22.338116683339933,59.59441607279817
2024-04-10,Marseille,18.515991683252985,63.144736808953255
2024-04-11,Paris,21.26975124437361,64.16236404972838
2024-04-11,Lyon,16.37270364493012,61.67381087002252
2024-04-11,Marseille,17.675282176350937,60.941566347175076
2024-04-12,Paris,16.84673650388423,61.330747088739514
2024-04-12,Lyon,18.081007566067605,53.426525737031604
2024-04-12,Marseille,21.12184564764715,62.8724244456657
2024-04-13,Paris,18.41220465669973,67.12598473515983
2024-04-13,Lyon,18.75885341634604,60.23861811569697
2024-04-13,Marseille,20.177985154842727,57.83122911829725
2024-04-14,Paris,20.52404553623578,58.30225169021375
2024-04-14,Lyon,18.7584963050035,66.7233970863147
2024-04-14,Marseille,17.500600844411053,47.09154495629508
2024-04-15,Paris,22.74094073538475,74.87930356541767
2024-04-15,Lyon,18.708528214462298,
2024-04-15,Marseille,18.898098792969076,58.3958438877299
2024-04-16,Paris,19.07221054641772,54.19824306661964
2024-04-16,Lyon,20.611180513415185,63.3111021328578
2024-04-16,Marseille,16.46324698882362,61.695788800146865
2024-04-17,Paris,23.48613721870123,63.107892120596
2024-04-17,Lyon,18.706116930672437,58.67006221355582
2024-04-17,Marseille,20.611280788746573,51.86981857290181
2024-04-18,Paris,19.633996355411288,57.81987998957605
2024-04-18,Lyon,23.000864975368774,60.9214572398398
2024-04-18,Marseille,22.640990171695723,56.057692537750725
2024-04-19,Paris,20.399942033788157,61.66505365333798
2024-04-19,Lyon,17.487329204453008,59.20746520996545
2024-04-19,Marseille,21.650461373845776,59.1994054169834
2024-04-20,Paris,15.757491852516786,57.03199318994097
2024-04-20,Lyon,17.33657096127129,
2024-04-20,Marseille,18.97824161148607,50.523996097632185
2024-04-21,Paris,15.821903515790119,59.407001734589414
2024-04-21,Lyon,18.007782802092116,45.48447341964015
2024-04-21,Marseille,20.622908267647745,61.23911918444756
2024-04-22,Paris,17.533109317496724,51.278489300234135
2024-04-22,Lyon,20.632474758198367,61.469012732748475
2024-04-22,Marseille,23.72606353093784,63.6793558772147
2024-04-23,Paris,19.639767115420433,58.132328416042846
2024-04-23,Lyon,20.497912567297984,62.60728134395297
2024-04-23,Marseille,21.367810850026792,57.397179714163066
2024-04-24,Paris,17.89293944500298,55.36481966961633
2024-04-24,Lyon,20.345357833248883,66.72365875860743
2024-04-24,Marseille,17.846073404592303,55.60834726096437
2024-04-25,Paris,19.287223899152842,57.21074076159816
2024-04-25,Lyon,20.563176757693025,47.94623352369155
2024-04-25,Marseille,17.005659357579457,53.158527866911406
2024-04-26,Paris,13.909625010097978,50.23866340508993
2024-04-26,Lyon,16.720024803178415,55.737572230188064
2024-04-26,Marseille,20.776268818190793,57.95153865583613
2024-04-27,Paris,16.375961920481327,56.09702266517502
2024-04-27,Lyon,20.535936603906332,53.99798610072314
2024-04-27,Marseille,16.616439593180736,59.318826771233425
2024-04-28,Paris,17.877787607980796,60.366768623814814
2024-04-28,Lyon,18.293566255851804,60.88713059943788
2024-04-28,Marseille,16.250703611361118,
2024-04-29,Paris,17.77880303087672,50.838316477334885
2024-04-29,Lyon,15.073227163865658,58.723170754022206
2024-04-29,Marseille,17.49827829516708,51.6380548481931
2024-04-30,Paris,17.883236906793165,62.46974976653182
2024-04-30,Lyon,13.514119089895983,46.724991340130366
2024-04-30,Marseille,16.229821896849295,63.14350080742063
2024-05-01,Paris,18.512305886587264,60.89435918704329
2024-05-01,Lyon,15.666810082496209,49.75279612592989
2024-05-01,Marseille,18.84275935419409,57.547416719978486
2024-05-02,Paris,18.91231018397566,56.21159303418798
2024-05-02,Lyon,18.371119999156658,57.61582930246439
2024-05-02,Marseille,19.370367324417256,61.45982368281756
2024-05-03,Paris,14.438991871512412,43.08332676339338
2024-05-03,Lyon,19.682226655598967,63.404235876859275
2024-05-03,Marseille,15.637489821269277,45.73959127722363
2024-05-04,Paris,17.736951833293958,60.80793264888183
2024-05-04,Lyon,21.134071236148184,60.77350101934897
2024-05-04,Marseille,16.795448798108165,
2024-05-05,Paris,17.418215564199954,54.3230985763445
2024-05-05,Lyon,15.365177169401012,64.83137731320785
2024-05-05,Marseille,20.965649785002906,63.6281260460297
2024-05-06,Paris,15.406369976070486,58.74600244161142
2024-05-06,Lyon,18.527323590684546,58.55620610991372
2024-05-06,Marseille,19.747401305776297,60.25238033225489
2024-05-07,Paris,18.577227667422843,59.41825356867898
2024-05-07,Lyon,17.778782010818386,46.836599109284336
2024-05-07,Marseille,17.264441349635288,52.66509056689977
2024-05-08,Paris,14.383061041459197,61.988359024891146
2024-05-08,Lyon,20.400733638510644,63.98598248809596
2024-05-08,Marseille,17.453169790450985,62.17446678254539
2024-05-09,Paris,16.80885418738437,55.91258486429448
2024-05-09,Lyon,14.597805085256754,55.55692554102322
2024-05-09,Marseille,16.905519683029553,48.443337193020376
2024-05-10,Paris,16.520866396872417,54.19283790696592
2024-05-10,Lyon,20.21838295379489,61.28106230297049
2024-05-10,Marseille,16.646151498688543,55.91059333634505
2024-05-11,Paris,16.546753948066538,53.46000131256668
2024-05-11,Lyon,14.293474797081567,52.367344357918796
2024-05-11,Marseille,14.966132678553114,
2024-05-12,Paris,17.312446042075194,56.759775077930804
2024-05-12,Lyon,12.71658739024397,51.43251339969026
2024-05-12,Marseille,18.281405184779974,60.68094595836911
2024-05-13,Paris,18.170003848499416,55.383968767931634
2024-05-13,Lyon,14.428239506790636,47.525849991608766
2024-05-13,Marseille,16.80753997222965,56.268324579488294
2024-05-14,Paris,18.518025534507444,60.77151935616878
2024-05-14,Lyon,15.678905998234969,47.34711998839053
2024-05-14,Marseille,15.305150117275517,54.43005182817183
2024-05-15,Paris,15.360987214360621,50.363359532259366
2024-05-15,Lyon,16.270923335079228,51.27900303802576
2024-05-15,Marseille,14.509021537688682,54.29891483816168
2024-05-16,Paris,14.77976899134926,54.00211655705672
2024-05-16,Lyon,16.130162197311915,47.894685530284676
2024-05-16,Marseille,14.621271903876845,59.87538105926382
2024-05-17,Paris,13.07505937783609,41.055091886310386
2024-05-17,Lyon,11.675528096819642,50.94419509543653
2024-05-17,Marseille,15.461052959370063,
2024-05-18,Paris,17.639980800012246,
2024-05-18,Lyon,16.00346889101689,61.084331627492205
2024-05-18,Marseille,12.956039612371814,49.54965049233782
2024-05-19,Paris,13.51517412874576,47.19633484814621
2024-05-19,Lyon,14.368433953156924,59.31744739160307
2024-05-19,Marseille,18.695731314178044,53.09670326459248
2024-05-20,Paris,18.63746578626522,
2024-05-20,Lyon,18.33472741153844,53.9794100579288
2024-05-20,Marseille,15.089461010228568,54.32611582862451
2024-05-21,Paris,20.988528057283528,60.18295651559247
2024-05-21,Lyon,13.21629163864553,56.10817614156502
2024-05-21,Marseille,13.907155624379774,49.22895426712024
2024-05-22,Paris,16.24864493872174,53.12864343235254
2024-05-22,Lyon,14.988594047961127,52.28711106836687
2024-05-22,Marseille,15.104608472148385,54.41162310073351
2024-05-23,Paris,10.355335134039084,52.663013865165865
2024-05-23,Lyon,12.265230159789313,43.26459185977128
2024-05-23,Marseille,14.11244651173255,52.00432236530654
2024-05-24,Paris,12.637348619229277,54.74977473101379
2024-05-24,Lyon,11.340010615632025,47.78149389665277
2024-05-24,Marseille,12.854612678507836,50.49203752654436
2024-05-25,Paris,14.374507353681576,46.495069720341746
2024-05-25,Lyon,15.265344139299556,52.38404838150375
2024-05-25,Marseille,10.032886277763279,39.13660462092334
2024-05-26,Paris,13.581945432706245,49.854181804011176
2024-05-26,Lyon,13.399743791415602,50.70978512551747
2024-05-26,Marseille,14.05770369758523,55.98272140111184
2024-05-27,Paris,11.17162913431753,43.55541864434151
2024-05-27,Lyon,11.207191220377883,50.881197196325225
2024-05-27,Marseille,15.883733693445539,50.08584215312473
2024-05-28,Paris,8.175206889790456,39.00236276864465
2024-05-28,Lyon,11.512533132517742,46.73607838985683
2024-05-28,Marseille,12.361829323600311,50.22720615688703
2024-05-29,Paris,12.337458060784106,55.17376366025918
2024-05-29,Lyon,11.608916111066263,45.17835064033373
2024-05-29,Marseille,13.918701799469924,43.197601501123046
2024-05-30,Paris,13.520319275877798,51.059447525147974
2024-05-30,Lyon,12.446050885401458,57.84350110797715
2024-05-30,Marseille,11.496520974648357,59.633893478399365
2024-05-31,Paris,12.067764303230438,43.20250381345506
2024-05-31,Lyon,12.658466363676288,44.560781272979874
2024-05-31,Marseille,11.015115506059637,50.941163260081176
2024-06-01,Paris,13.4052547839306,47.194243332976264
2024-06-01,Lyon,14.268900896723151,56.61080829202875
2024-06-01,Marseille,15.166694119756933,54.00901247137196
2024-06-02,Paris,14.794250039279353,41.652077634138784
2024-06-02,Lyon,11.43157951785103,44.70344117953495
2024-06-02,Marseille,12.305844337362739,46.705780256875414
2024-06-03,Paris,11.506284718727418,58.41436946790993
2024-06-03,Lyon,11.499160809786126,51.06818230747598
2024-06-03,Marseille,11.374061742778412,49.302727721104446
2024-06-04,Paris,11.619815126129568,51.23607547020121
2024-06-04,Lyon,13.938396836351778,58.62257415448538
2024-06-04,Marseille,12.22702192907576,52.30651365228113
2024-06-05,Paris,9.073276081172178,46.95265003771122
2024-06-05,Lyon,13.25558402931049,54.23126171075808
2024-06-05,Marseille,11.798224565133413,53.45897263800583
2024-06-06,Paris,12.121872800221958,55.15090739172251
2024-06-06,Lyon,11.719057696148543,47.12919546012668
2024-06-06,Marseille,11.812021896100367,34.31049367868907
2024-06-07,Paris,11.669625622617101,30.56685155031024
2024-06-07,Lyon,7.456927335036165,48.540139708540515
2024-06-07,Marseille,11.858912824380592,43.110344096742594
2024-06-08,Paris,9.241415394301594,54.138306407713124
2024-06-08,Lyon,9.69755921491412,58.7738893190249
2024-06-08,Marseille,10.66177977170678,50.178000975491905
2024-06-09,Paris,13.659454757943731,50.5279163039882
2024-06-09,Lyon,8.421017999564913,46.18108140952236
2024-06-09,Marseille,10.354484488566333,41.06609030038684
2024-06-10,Paris,9.672520547379355,43.70877794103179
2024-06-10,Lyon,12.03290020443587,49.009025576179155
2024-06-10,Marseille,9.618593191765862,46.856472344538
2024-06-11,Paris,10.387371270180289,50.87461867221508
2024-06-11,Lyon,7.941702776029193,41.11520841416917
2024-06-11,Marseille,12.150485664173015,46.786731949138165
2024-06-12,Paris,6.862921428843656,47.8396379763074
2024-06-12,Lyon,10.623345226102778,40.22325242146382
2024-06-12,Marseille,10.155569044964617,51.27407846120632
2024-06-13,Paris,10.199465192514886,50.729918985763355
2024-06-13,Lyon,6.642154092920862,47.09082568218094
2024-06-13,Marseille,8.845452770161467,44.34365331992111
2024-06-14,Paris,10.944571346827692,55.36378846487032
2024-06-14,Lyon,12.792200237188956,55.65003260324546
2024-06-14,Marseille,8.983991764727872,48.554668977370994
2024-06-15,Paris,10.488628134488593,
2024-06-15,Lyon,9.216510766743195,51.00253036251439
2024-06-15,Marseille,8.836417098868242,43.0092738205402
2024-06-16,Paris,7.876386575542316,
2024-06-16,Lyon,8.711319289613945,48.237743200866
2024-06-16,Marseille,10.045491191618414,45.46298914323894
2024-06-17,Paris,9.967081380718795,49.14327847339063
2024-06-17,Lyon,5.984958879636226,52.07131591138033
2024-06-17,Marseille,7.453095565945351,37.465197251308666
2024-06-18,Paris,6.112726312424337,39.79302505629117
2024-06-18,Lyon,8.307160368912008,44.845658765844206
2024-06-18,Marseille,7.529149796315757,48.84661477743003
2024-06-19,Paris,8.629844069289055,47.953454191178544
2024-06-19,Lyon,8.769750261561033,49.537831893331486
2024-06-19,Marseille,3.734186663348761,41.61362913307063
2024-06-20,Paris,3.336078656904488,43.34485389039558
2024-06-20,Lyon,7.687232841434745,51.00290814107315
2024-06-20,Marseille,10.071767571325678,48.21984284632115
2024-06-21,Paris,6.4413830392839575,47.424056057382494
2024-06-21,Lyon,6.386269919429131,44.95821936552416
2024-06-21,Marseille,9.414377827999292,43.99319063793588
2024-06-22,Paris,8.798345232283129,49.772871943127726
2024-06-22,Lyon,5.277404319536484,49.14277119310523
2024-06-22,Marseille,8.584120644541137,46.7669597838843
2024-06-23,Paris,5.406575745733416,40.0311421555693
2024-06-23,Lyon,5.855897507982675,47.309737622256506
2024-06-23,Marseille,5.019972326985924,46.282771440298006
2024-06-24,Paris,4.191374049068641,42.55701570288516
2024-06-24,Lyon,6.894180615973443,57.42469329051687
2024-06-24,Marseille,3.9202537957846917,50.774759305559705
2024-06-25,Paris,6.717736075232547,47.13128751107459
2024-06-25,Lyon,6.654747074034396,47.26126861125204
2024-06-25,Marseille,6.110681038533952,51.981445806262904
2024-06-26,Paris,5.2478549000525,49.83987410167759
2024-06-26,Lyon,4.872062948075899,43.65196683758895
2024-06-26,Marseille,4.016872083921507,45.715230152840356
2024-06-27,Paris,8.793451074339963,45.90743440078112
2024-06-27,Lyon,5.509427763079077,38.75071649778923
2024-06-27,Marseille,5.444613853382279,36.32094166870315
2024-06-28,Paris,3.8195775216303045,44.43493559250156
2024-06-28,Lyon,8.283359890550752,60.02532908945567
2024-06-28,Marseille,4.472163324926157,50.86905762716059
2024-06-29,Paris,5.874781564210292,43.77196421968919
2024-06-29,Lyon,6.2524655068593,45.06439523741027
2024-06-29,Marseille,5.608068054631433,42.326508533540405
2024-06-30,Paris,2.3328856337326287,34.681975776466516
2024-06-30,Lyon,6.435594719892784,43.47822679034444
2024-06-30,Marseille,3.936927154017997,43.405054834863904
2024-07-01,Paris,6.460759552500935,45.7786458554699
2024-07-01,Lyon,3.558785173387745,49.267106291114736
2024-07-01,Marseille,8.029266052632943,48.290713317031376
2024-07-02,Paris,6.560050419281195,51.149163750532665
2024-07-02,Lyon,6.872922029402042,48.19758261809923
2024-07-02,Marseille,5.80941749074278,47.087286876073065
2024-07-03,Paris,2.1599911558379574,45.80886932677841
2024-07-03,Lyon,1.6430385626789366,38.02208471095979
2024-07-03,Marseille,6.9617966405482195,49.38743764677762
2024-07-04,Paris,7.071597418884833,43.902731188175856
2024-07-04,Lyon,1.7923031569595729,40.89134056410545
2024-07-04,Marseille,4.300863433994256,43.99360629737802
2024-07-05,Paris,6.106563769011455,42.88757443713949
2024-07-05,Lyon,4.5432717551039,38.81281560663916
2024-07-05,Marseille,4.739837367585678,43.88943347222944
2024-07-06,Paris,2.082322076172975,41.115032710684766
2024-07-06,Lyon,3.213597259711567,41.622168984996705
2024-07-06,Marseille,7.124631237277377,44.827335006682276
2024-07-07,Paris,2.8373226728199077,32.27767301127946
2024-07-07,Lyon,1.5367001892156287,40.669187186885836
2024-07-07,Marseille,1.9534095408212977,49.14311788701998
2024-07-08,Paris,2.7389017874188526,49.168789120049674
2024-07-08,Lyon,3.192186606312026,43.1846779469022
2024-07-08,Marseille,2.891184442786288,42.83691872478617
2024-07-09,Paris,6.250602052301602,33.25916555792121
2024-07-09,Lyon,-1.190079442675474,37.676956139410485
2024-07-09,Marseille,2.8420678100770216,46.26262077016261
2024-07-10,Paris,3.5040692019772033,41.3146326278669
2024-07-10,Lyon,4.595982192405778,49.041987002290554
2024-07-10,Marseille,2.926010468465384,47.70231481459687
2024-07-11,Paris,2.8487917409808254,40.064766972937974
2024-07-11,Lyon,3.699134892116577,43.93545361042724
2024-07-11,Marseille,2.3061809076255417,49.9113834677871
2024-07-12,Paris,-2.8518376039838165,32.39578498319555
2024-07-12,Lyon,-0.32423419965238365,
2024-07-12,Marseille,1.5406903135642964,34.583094345657024
2024-07-13,Paris,-0.17312979621859115,
2024-07-13,Lyon,6.712034452554845,54.266545482496824
2024-07-13,Marseille,0.9736874330337629,39.996911080514444
2024-07-14,Paris,-0.7529930478357678,31.276368732839583
2024-07-14,Lyon,1.3116545737237724,37.06654945568151
2024-07-14,Marseille,1.375713883216801,34.09321571238007
2024-07-15,Paris,-0.22928162383454453,41.91546824496937
2024-07-15,Lyon,2.027086488353846,44.61351342947832
2024-07-15,Marseille,-1.3463106755281036,44.77554398811689
2024-07-16,Paris,-0.5554057841238087,44.18490434564981
2024-07-16,Lyon,1.0237402558435056,35.08616490120393
2024-07-16,Marseille,0.41262219991751603,43.428250273356916
2024-07-17,Paris,2.0224706329609567,41.909215995957034
2024-07-17,Lyon,3.8600976532138644,48.75428555026367
2024-07-17,Marseille,0.28323163921225325,45.32122114761463
2024-07-18,Paris,4.416894681274023,53.902892264127004
2024-07-18,Lyon,-1.906692050747346,35.6736516652133
2024-07-18,Marseille,3.519145284365351,38.27041436787848
2024-07-19,Paris,-2.3416878806207584,37.66683819021799
2024-07-19,Lyon,1.143847804911771,41.67714672197726
2024-07-19,Marseille,-0.9977328548485846,37.53311955055398
2024-07-20,Paris,-1.3658013621933698,36.34109595104727
2024-07-20,Lyon,4.622138521184171,45.81896338029628
2024-07-20,Marseille,1.8323908754415248,40.2121720963283
2024-07-21,Paris,-0.5560980444330973,37.714797349079724
2024-07-21,Lyon,-5.487601359899403,31.433618882412375
2024-07-21,Marseille,-3.805422050021789,28.084053962820242
2024-07-22,Paris,-2.816423909542717,46.61203191943739
2024-07-22,Lyon,-0.5145782963552203,47.82117970204761
2024-07-22,Marseille,0.39625919285523914,45.82765751254381
2024-07-23,Paris,-2.46741346866862,42.88005891782368
2024-07-23,Lyon,0.791808990089222,39.332601160946574
2024-07-23,Marseille,0.45346126317286295,44.843767778839386
2024-07-24,Paris,-2.0029593921071625,34.99152250619462
2024-07-24,Lyon,-3.2721108136435415,40.27640152423507
2024-07-24,Marseille,-0.24983441226836733,37.6946105031633
2024-07-25,Paris,-1.0871686995821188,44.076636381235886
2024-07-25,Lyon,0.0960420470962855,49.693278249162944
2024-07-25,Marseille,1.4136222821617705,37.717968625807075
2024-07-26,Paris,1.9921673195327356,40.48848597002709
2024-07-26,Lyon,0.7147405253655457,42.7168455465608
2024-07-26,Marseille,-2.1993038564572447,31.59000148833701
2024-07-27,Paris,-1.9509107856901247,33.05510341671555
2024-07-27,Lyon,0.32681670642811644,49.80261937421078
2024-07-27,Marseille,-3.201603743850809,41.61145753094353
2024-07-28,Paris,-3.289383446642836,36.98367051698359
2024-07-28,Lyon,-0.2896109948961425,41.73326632949849
2024-07-28,Marseille,1.640695681235138,40.672979250879706
2024-07-29,Paris,-0.0687199501589808,42.625354845134986
2024-07-29,Lyon,-0.47583659561949276,39.658229506420035
2024-07-29,Marseille,-2.1665102902111246,40.30211917982012
2024-07-30,Paris,-3.966204836321927,43.1926137350048
2024-07-30,Lyon,-0.9935925954736244,44.633546881132844
2024-07-30,Marseille,0.7798407012049364,49.976557390793666
2024-07-31,Paris,-3.2685165813849038,42.25107909970788
2024-07-31,Lyon,-3.7658285802030584,40.204206888818874
2024-07-31,Marseille,-3.718126099924363,48.21640334209357
2024-08-01,Paris,-2.0135395645518637,40.136220661736736
2024-08-01,Lyon,-0.35369872152503534,31.36919375909789
2024-08-01,Marseille,-6.769141054968369,42.35219868410781
2024-08-02,Paris,-2.840013826194261,
2024-08-02,Lyon,-5.6137429290660945,39.0401764593802
2024-08-02,Marseille,1.046068098373687,47.27322972907521
2024-08-03,Paris,-2.839193487824137,38.71841730460309
2024-08-03,Lyon,-3.967752281848549,29.590562132713043
2024-08-03,Marseille,-2.6633257362674403,45.246623048471065
2024-08-04,Paris,-6.545077590493874,35.478168112424555
2024-08-04,Lyon,-5.708768200619488,34.46028223383945
2024-08-04,Marseille,-3.2868756825088434,30.318162943807287
2024-08-05,Paris,-2.3780431418507373,45.15230059787717
2024-08-05,Lyon,-4.10878919463869,27.94103506661328
2024-08-05,Marseille,-5.5994212705696444,45.6147080414909
2024-08-06,Paris,-9.372767345844245,35.548552587776385
2024-08-06,Lyon,-6.176780341321619,43.22661335938174
2024-08-06,Marseille,-5.167006688674023,41.82939614672417
2024-08-07,Paris,-2.8934401100356535,50.457271403765056
2024-08-07,Lyon,-4.43024483572458,42.23428121781466
2024-08-07,Marseille,-6.9944719066287115,44.767590943627845
2024-08-08,Paris,-5.750286695592646,36.86300660390043
2024-08-08,Lyon,-4.273764589148337,32.73826896150649
2024-08-08,Marseille,-3.77172894159204,45.69124344136457
2024-08-09,Paris,-3.8455745719429344,32.972195966204346
2024-08-09,Lyon,-4.679060807596836,44.12673656060308
2024-08-09,Marseille,-8.187419750869333,32.93774661065356
2024-08-10,Paris,-2.8777334903854146,42.957248883753586
2024-08-10,Lyon,-3.806877534294947,50.34675932453799
2024-08-10,Marseille,-3.6937151415360496,44.40662277424267
2024-08-11,Paris,0.5941456963003766,42.732531486600976
2024-08-11,Lyon,-6.423110885373266,41.73018231928491
2024-08-11,Marseille,-3.9493632993584855,38.44187191992706
2024-08-12,Paris,-7.085752002312694,50.85673151034917
2024-08-12,Lyon,-4.367271022426953,37.27717108081984
2024-08-12,Marseille,-3.189097358643802,41.09977642829344
2024-08-13,Paris,-5.7173640347909025,43.056005222562135
2024-08-13,Lyon,-7.79536567861862,40.7609758962789
2024-08-13,Marseille,-1.385691526691736,
2024-08-14,Paris,-6.151642610871585,37.56681653579723
2024-08-14,Lyon,-6.2198983499948755,38.791576104225555
2024-08-14,Marseille,-6.1548314688212,44.6819868285415
2024-08-15,Paris,-9.050172358025627,42.79363005460069
2024-08-15,Lyon,-6.3431272018927825,41.99259582469659
2024-08-15,Marseille,-7.837729972009388,45.85425056839695
2024-08-16,Paris,-3.273883784795676,46.86986010190424
2024-08-16,Lyon,-8.794663256726501,42.905045145325644
2024-08-16,Marseille,-4.955443529868004,33.036615390447636
2024-08-17,Paris,-5.9919580788389455,42.388303381616836
2024-08-17,Lyon,-4.831212763651013,42.14838496030757
2024-08-17,Marseille,-5.360900477602556,48.31232245845784
2024-08-18,Paris,-3.6662623429075767,27.75236824966642
2024-08-18,Lyon,-6.753207272404301,39.41222092316235
2024-08-18,Marseille,-9.622527308182878,38.98479933057652
2024-08-19,Paris,-3.792486868159111,36.70765273417109
2024-08-19,Lyon,-5.61720053560038,36.466546445177094
2024-08-19,Marseille,-7.633826460339478,47.222656447666
2024-08-20,Paris,-7.543444832081793,42.33151441350855
2024-08-20,Lyon,-10.200765423980117,47.737647420290834
2024-08-20,Marseille,-5.253024299245145,40.482205074906105
2024-08-21,Paris,-5.472167600505818,34.346568183083974
2024-08-21,Lyon,-4.258199137000293,40.504122528444185
2024-08-21,Marseille,-7.031399650602477,38.00184802293761
2024-08-22,Paris,-7.946050631671886,43.51900864651388
2024-08-22,Lyon,-6.27293412597227,44.308266198806805
2024-08-22,Marseille,-6.802337205151859,43.297882699669756
2024-08-23,Paris,-7.780440444589308,51.42983424380567
2024-08-23,Lyon,-10.078603789600228,45.20696364756629
2024-08-23,Marseille,-4.20692805529729,38.16448844050516
2024-08-24,Paris,-2.638651973702223,48.481645781869474
2024-08-24,Lyon,-5.154921181168347,42.134543777792594
2024-08-24,Marseille,-7.531651511251523,39.52135050941526
2024-08-25,Paris,-6.4670095790497015,48.35280946222238
2024-08-25,Lyon,-6.885442335965897,36.538600317216726
2024-08-25,Marseille,-5.5992166469187765,
2024-08-26,Paris,-6.085993923963069,45.44439093549788
2024-08-26,Lyon,-7.937169241174257,35.96124537689336
2024-08-26,Marseille,-9.1316998421402,31.712156609677407
2024-08-27,Paris,-7.064984968187648,40.855335520107246
2024-08-27,Lyon,-8.418857600338965,25.68216173522407
2024-08-27,Marseille,-10.033517130667885,45.09566339576791
2024-08-28,Paris,-9.007987860422212,42.0544400892211
2024-08-28,Lyon,-10.460106720246461,46.5737377968385
2024-08-28,Marseille,-7.966791180405303,42.32640169136471
2024-08-29,Paris,-3.163272962484034,51.48679860390144
2024-08-29,Lyon,-8.427963788821518,37.77968268080013
2024-08-29,Marseille,-8.465922569286468,43.27249957925564
2024-08-30,Paris,-8.157580189250416,39.07962061421719
2024-08-30,Lyon,-5.0127694193305885,42.37167834229726
2024-08-30,Marseille,-3.347953734674034,44.39533003074124
2024-08-31,Paris,-4.50495799219037,45.183335653948326
2024-08-31,Lyon,-6.14967363414093,38.78685389763623
2024-08-31,Marseille,-9.783113225814649,42.528375175295565
2024-09-01,Paris,-6.223076574672405,42.717925844528374
2024-09-01,Lyon,-10.772969729770429,32.98541561002061
2024-09-01,Marseille,-11.054455863975516,30.779705196247285
2024-09-02,Paris,-8.10188912054822,47.16675874169015
2024-09-02,Lyon,-8.347691413292013,30.091983970814486
2024-09-02,Marseille,-8.702380760111492,40.367249166249024
2024-09-03,Paris,-4.2455918605727545,36.72317353801243
2024-09-03,Lyon,-9.218944566222024,49.55411488194348
2024-09-03,Marseille,-7.537632678330537,44.85020397953767
2024-09-04,Paris,-8.321168160822506,43.368097417667975
2024-09-04,Lyon,-6.995117974313191,38.46657824182341
2024-09-04,Marseille,-6.794219877053862,35.76953361021515
2024-09-05,Paris,-8.002333505750167,42.95951863515249
2024-09-05,Lyon,-9.891655627797459,40.818794168864244
2024-09-05,Marseille,-9.90414975674435,35.56621743381562
2024-09-06,Paris,-9.47098387411819,35.822038355845216
2024-09-06,Lyon,-8.118159462704405,36.403248708789974
2024-09-06,Marseille,-7.339800344908798,36.71329631058506
2024-09-07,Paris,-9.996950664058414,
2024-09-07,Lyon,-6.214067375146723,45.10611710032834
2024-09-07,Marseille,-9.287828437985189,
2024-09-08,Paris,-13.175243660229066,39.22196062068533
2024-09-08,Lyon,-4.965830609960165,45.02500893106457
2024-09-08,Marseille,-8.82503262723102,44.78839708689968
2024-09-09,Paris,-7.2620097078027825,33.15898615835675
2024-09-09,Lyon,-12.417873158013528,41.104258008110335
2024-09-09,Marseille,-10.482973318226492,47.773867767651396
2024-09-10,Paris,-9.771765930626756,32.12959897387649
2024-09-10,Lyon,-11.677444984544303,26.91046512193867
2024-09-10,Marseille,-9.609668225422135,40.95759063924293
2024-09-11,Paris,-10.074349119746369,47.17787283740981
2024-09-11,Lyon,-6.828384027149188,42.87911458103887
2024-09-11,Marseille,-13.494811035136287,42.817608395488456
2024-09-12,Paris,-8.194494492439532,44.622063078964324
2024-09-12,Lyon,-7.34225545084045,37.762308170833855
2024-09-12,Marseille,-5.287704177086404,40.02204065168214
2024-09-13,Paris,-7.882321400407738,34.99027681487856
2024-09-13,Lyon,-11.241296629349549,48.99347338320692
2024-09-13,Marseille,-9.902566900811147,46.41448101236727
2024-09-14,Paris,-8.978147451023737,42.410177697763146
2024-09-14,Lyon,-6.72435757859685,43.10394827796064
2024-09-14,Marseille,-13.01353444358917,36.49753582246623
2024-09-15,Paris,-8.416683287957573,45.415634920189795
2024-09-15,Lyon,-12.653183245831837,37.274476816611696
2024-09-15,Marseille,-10.682509443765454,40.25124572432141
2024-09-16,Paris,-12.33360012663902,38.11307048771509
2024-09-16,Lyon,-11.038993919954972,45.88935605113251
2024-09-16,Marseille,-7.96353032745543,43.14791561737856
2024-09-17,Paris,-10.424237851226986,43.26784654549405
2024-09-17,Lyon,-11.273308474396671,36.32462220055947
2024-09-17,Marseille,-11.520600677336956,38.73634146977522
2024-09-18,Paris,-12.021152974266894,42.588700459447885
2024-09-18,Lyon,-8.234774027114934,36.11473852843348
2024-09-18,Marseille,-9.643947952250285,42.105046701011794
2024-09-19,Paris,-9.060880908626128,43.65879409772958
2024-09-19,Lyon,-12.651096839562996,35.25741188539958
2024-09-19,Marseille,-9.685051128529787,48.492890405032874
2024-09-20,Paris,-14.21759699154346,42.52755844906062
2024-09-20,Lyon,-7.409978238882168,44.11836742061843
2024-09-20,Marseille,-8.688817257404573,40.60084798604705
2024-09-21,Paris,-10.06889625203886,35.3535406737894
2024-09-21,Lyon,-14.518850470322853,45.50196474048613
2024-09-21,Marseille,-11.800153708933989,40.14171456617592
2024-09-22,Paris,-12.639595466442206,35.03624713937334
2024-09-22,Lyon,-10.214386360091053,39.89333514792517
2024-09-22,Marseille,-9.110768963912422,46.46608365120854
2024-09-23,Paris,-9.257153446362,45.47936589087001
2024-09-23,Lyon,-6.743316329147442,40.456695361332095
2024-09-23,Marseille,-10.00872247141705,49.4988696237927
2024-09-24,Paris,-7.397500047834388,38.464480337247785
2024-09-24,Lyon,-10.551290549822202,50.47162976211426
2024-09-24,Marseille,-8.910421456112331,45.64186089640275
2024-09-25,Paris,-10.385252913181864,42.03307967024792
2024-09-25,Lyon,-9.373445400131903,43.29729818169421
2024-09-25,Marseille,-10.035040768401439,44.5552051162301
2024-09-26,Paris,-11.324900469967881,46.2206220929333
2024-09-26,Lyon,-4.140268116150044,38.98582143918644
2024-09-26,Marseille,-9.320732364600923,40.961525643651754
2024-09-27,Paris,-8.828390578737004,45.46253913617278
2024-09-27,Lyon,-8.459486185690576,51.32862728790523
2024-09-27,Marseille,-9.59835349823914,50.42803545990307
2024-09-28,Paris,-14.681789997887716,49.841984442378404
2024-09-28,Lyon,-9.24306990652568,50.54217178634141
2024-09-28,Marseille,-12.432945699993404,39.085180123508195
2024-09-29,Paris,-9.706873291531519,44.96158361764368
2024-09-29,Lyon,-9.43261270380109,50.63390522161908
2024-09-29,Marseille,-13.529190510426766,47.622478091580405
2024-09-30,Paris,-9.983297276126997,44.03414771166349
2024-09-30,Lyon,-12.942091564812632,45.79302378595918
2024-09-30,Marseille,-14.828076798104926,45.388159360293045
2024-10-01,Paris,-12.980739200644347,43.69400701706298
2024-10-01,Lyon,-10.234865204354204,50.921932588219114
2024-10-01,Marseille,-10.353837867726144,41.53216544799821
2024-10-02,Paris,-11.00195556053766,51.15046331637246
2024-10-02,Lyon,-8.916156230233465,44.109379163165855
2024-10-02,Marseille,-10.46164300852428,37.27435155087994
2024-10-03,Paris,-9.199582915630382,37.24034161315047
2024-10-03,Lyon,-8.472938385662552,47.118514832064825
2024-10-03,Marseille,-5.202627718185619,42.93691550147313
2024-10-04,Paris,-10.1651987787036,54.62327053637393
2024-10-04,Lyon,-7.577095316039504,43.703633851457575
2024-10-04,Marseille,-9.511939739875437,46.033784237130945
2024-10-05,Paris,-9.374873207419373,42.78418999593464
2024-10-05,Lyon,-10.117425747609158,37.84179877536134
2024-10-05,Marseille,-9.668538038471524,48.351496644336656
2024-10-06,Paris,-10.368107428697046,37.77769455649947
2024-10-06,Lyon,-7.936204877706354,49.134715729981835
2024-10-06,Marseille,-11.365298798811232,43.85163195316458
2024-10-07,Paris,-12.884671946832665,
2024-10-07,Lyon,-10.958955833983264,51.81152319987868
2024-10-07,Marseille,-11.162339923043938,48.748456981685315
2024-10-08,Paris,-10.925619832033455,47.09976885720974
2024-10-08,Lyon,-10.1317784305979,50.701618894275406
2024-10-08,Marseille,-10.91861010274741,38.001595640509784
2024-10-09,Paris,-12.574139698637062,42.38172256213532
2024-10-09,Lyon,-12.3083615772659,47.25163698306956
2024-10-09,Marseille,-10.741777965625952,58.013559821787936
2024-10-10,Paris,-13.242536441555648,45.827958932829894
2024-10-10,Lyon,-12.023013298292723,43.07450022332526
2024-10-10,Marseille,-9.484268304600295,35.43789704708267
2024-10-11,Paris,-9.245944820498083,56.89148623878029
2024-10-11,Lyon,-10.626473650811326,47.847670913249054
2024-10-11,Marseille,-7.669753667823341,47.50289611887931
2024-10-12,Paris,-10.829645499647818,35.21667714123304
2024-10-12,Lyon,-8.385743683794905,47.495858200709065
2024-10-12,Marseille,-11.693092825361175,46.71027431580225
2024-10-13,Paris,-10.778867541198672,44.151705674786044
2024-10-13,Lyon,-8.398924515368893,41.52989008924232
2024-10-13,Marseille,-7.516876255438792,41.76260028622759
2024-10-14,Paris,-10.876361644483133,56.51741120460237
2024-10-14,Lyon,-7.296249304487761,49.53876760074391
2024-10-14,Marseille,-11.432019258775039,43.922924132194865
2024-10-15,Paris,-9.339548435651432,48.17900507100513
2024-10-15,Lyon,-9.667840924074751,47.64025084583222
2024-10-15,Marseille,-9.914849284233053,40.43631472195809
2024-10-16,Paris,-10.449968242406177,52.06410905546521
2024-10-16,Lyon,-12.153615353186748,45.52102296136625
2024-10-16,Marseille,-11.0564546156262,47.68384910858952
2024-10-17,Paris,-10.120788761012223,55.2404984245995
2024-10-17,Lyon,-8.33035609049808,42.36877387314858
2024-10-17,Marseille,-8.00106637565119,45.25210424963245
2024-10-18,Paris,-10.419840487182372,49.40736075197566
2024-10-18,Lyon,-10.249342583887573,52.404843475031704
2024-10-18,Marseille,-10.814867867454096,44.5065164603202
2024-10-19,Paris,-10.49668759850336,45.127214546242584
2024-10-19,Lyon,-6.985562700311516,53.20606469498441
2024-10-19,Marseille,-5.764057903383,62.13320712458628
2024-10-20,Paris,-11.159274932993108,48.07223836851914
2024-10-20,Lyon,-11.450241502415295,43.65753315148805
2024-10-20,Marseille,-10.358005889639768,42.91512978720333
2024-10-21,Paris,-11.111332978140705,47.18876070884555
2024-10-21,Lyon,-11.44099526911669,51.923020022549395
2024-10-21,Marseille,-10.843065507178906,62.11898793450587
2024-10-22,Paris,-9.81589415561674,49.20774886411991
2024-10-22,Lyon,-11.503807622620018,56.365371364970876
2024-10-22,Marseille,-6.6741238920821155,52.21730216633598
2024-10-23,Paris,-11.508174413308652,49.04473423594578
2024-10-23,Lyon,-11.05743140778403,55.57362196800426
2024-10-23,Marseille,-7.196179852043175,51.05579177652066
2024-10-24,Paris,-13.584671149274651,41.98637470074002
2024-10-24,Lyon,-7.336397559580261,
2024-10-24,Marseille,-6.493580199795742,43.198044152515244
2024-10-25,Paris,-8.002102578413734,55.487323243327296
2024-10-25,Lyon,-11.921878323204032,48.01835913717229
2024-10-25,Marseille,-8.057522395422628,48.872672346473635
2024-10-26,Paris,-12.198786755586053,46.41874971584036
2024-10-26,Lyon,-9.149073905293697,49.13670595364565
2024-10-26,Marseille,-9.621405895633789,47.37860801597303
2024-10-27,Paris,-8.459132761587187,52.65751540721928
2024-10-27,Lyon,-8.988573722606565,48.07933316391909
2024-10-27,Marseille,-8.195012120384316,40.999135137616534
2024-10-28,Paris,-7.306942394697539,51.286611249146716
2024-10-28,Lyon,-8.181625595955332,55.56828835197915
2024-10-28,Marseille,-12.166643709246951,38.50443659673704
2024-10-29,Paris,-7.590767886516611,51.23503241005964
2024-10-29,Lyon,-7.798021690779786,48.83562902728208
2024-10-29,Marseille,-6.809668228683788,56.4024706953575
2024-10-30,Paris,-7.043880733040902,50.44466215722434
2024-10-30,Lyon,-12.227224096172762,52.484979471553785
2024-10-30,Marseille,-5.568387988508771,55.856892155886435
2024-10-31,Paris,-9.640744228872059,53.70823955229979
2024-10-31,Lyon,-6.160399958214155,60.221555385351174
2024-10-31,Marseille,-9.633679222592962,49.21123366500777
2024-11-01,Paris,-6.252712270626004,52.80620008123891
2024-11-01,Lyon,-9.981911577015465,52.35471156534795
2024-11-01,Marseille,-6.589933105282581,52.756631704909175
2024-11-02,Paris,-7.170106230157287,50.820684960036786
2024-11-02,Lyon,-4.652718213085056,49.121186360145394
2024-11-02,Marseille,-8.783917610044732,51.20085520817061
2024-11-03,Paris,-5.709651340085333,45.647517712046564
2024-11-03,Lyon,-10.088152895017997,40.31864009088606
2024-11-03,Marseille,-7.402168944980577,46.52734391354938
2024-11-04,Paris,-8.091248519572051,55.154564764633164
2024-11-04,Lyon,-8.605233741101912,52.69569279597353
2024-11-04,Marseille,-7.920824115039663,55.31050003337624
2024-11-05,Paris,-6.2228297504144,49.649615405162
2024-11-05,Lyon,-7.510389391911323,57.555465089739364
2024-11-05,Marseille,-6.386332144602223,46.026372160766705
2024-11-06,Paris,-5.70918020027739,48.13324791171153
2024-11-06,Lyon,-4.1953901826981435,59.5850692336454
2024-11-06,Marseille,-6.440645370783354,53.90358613877011
2024-11-07,Paris,-7.282249363406501,56.142134151643475
2024-11-07,Lyon,-7.6057411902757845,53.73326865172123
2024-11-07,Marseille,-5.120316118312759,51.237641624071635
2024-11-08,Paris,-7.93682324604303,46.52018437860434
2024-11-08,Lyon,-8.833383258313987,42.81209921765655
2024-11-08,Marseille,-5.244780188030582,63.15181032744797
2024-11-09,Paris,-3.6905645163184606,47.04273306759161
2024-11-09,Lyon,-5.091513060146672,61.44311813404504
2024-11-09,Marseille,-7.4548423647363995,53.42182595492367
2024-11-10,Paris,-10.39037322878778,52.61844686139768
2024-11-10,Lyon,-8.501706586047874,53.41614109671598
2024-11-10,Marseille,-9.4969929715562,54.535085298241384
2024-11-11,Paris,-4.155555964594947,51.239321092310064
2024-11-11,Lyon,-8.478426478269196,41.78138287993145
2024-11-11,Marseille,-6.73740838359868,50.69813927807564
2024-11-12,Paris,-9.133294169155896,54.56126517053421
2024-11-12,Lyon,-6.931196108189085,48.23875043232728
2024-11-12,Marseille,-7.14040015574068,58.848430491670555
2024-11-13,Paris,-4.64878668692824,54.462331562780335
2024-11-13,Lyon,-4.616450537508979,49.327303777990636
2024-11-13,Marseille,-5.789920372984623,55.16439331107131
2024-11-14,Paris,-6.614522351224079,56.233853010744205
2024-11-14,Lyon,-7.235716243515528,56.232948534462835
2024-11-14,Marseille,-4.571131791164041,40.69679626350781
2024-11-15,Paris,-3.1112634987544707,41.04181293441315
2024-11-15,Lyon,-6.723972956886957,59.239090257586206
2024-11-15,Marseille,-6.126448356279587,47.13993493431414
2024-11-16,Paris,-7.493265631788354,58.90464460021573
2024-11-16,Lyon,-9.14880056945229,58.42175041082436
2024-11-16,Marseille,-5.415995706439591,49.05450117160973
2024-11-17,Paris,-6.282884427099567,49.52741117826312
2024-11-17,Lyon,-3.384203880777128,60.01488026037899
2024-11-17,Marseille,-8.554976550246279,51.23231701728663
2024-11-18,Paris,-6.650890598322739,60.975279495348886
2024-11-18,Lyon,-7.624717509887027,61.94457902953853
2024-11-18,Marseille,-4.991108752668061,49.693926728544405
2024-11-19,Paris,-6.083991783543283,50.952553312639516
2024-11-19,Lyon,-7.278680219555739,54.71796875352617
2024-11-19,Marseille,-7.1852745169084145,43.39804683277174
2024-11-20,Paris,-5.290837455049009,46.53278238987282
2024-11-20,Lyon,-6.035806249487703,50.554567652282245
2024-11-20,Marseille,-6.273916657404291,64.96203135849984
2024-11-21,Paris,-4.21787809227388,57.52592922638295
2024-11-21,Lyon,-7.88349781929761,50.82988667700745
2024-11-21,Marseille,-3.9000959667299973,51.36709889216758
2024-11-22,Paris,-2.3110273646909256,51.53561674120177
2024-11-22,Lyon,-4.699885323457248,53.18552669556933
2024-11-22,Marseille,-3.7985117329630644,53.4541586904665
2024-11-23,Paris,-4.462687558553336,55.18101662430628
2024-11-23,Lyon,-5.389675819194063,58.230943469297344
2024-11-23,Marseille,-3.4441235547366102,56.52973575922041
2024-11-24,Paris,-4.572920768730935,60.3794286264436
2024-11-24,Lyon,-4.183672589435381,55.09677094229126
2024-11-24,Marseille,-3.5026240420307664,65.52181992471797
2024-11-25,Paris,-6.181238760409183,59.379771266606795
2024-11-25,Lyon,-7.286868666842986,55.953474648612875
2024-11-25,Marseille,-0.3503606891493143,61.47235626642248
2024-11-26,Paris,-2.9452795404347185,54.76614265010949
2024-11-26,Lyon,-3.2244352965371954,56.1405824634466
2024-11-26,Marseille,-4.858482913377014,54.97108989298515
2024-11-27,Paris,-2.6733152518216095,53.98934087980165
2024-11-27,Lyon,-4.682641214443857,49.818613456920644
2024-11-27,Marseille,-2.2886275208966964,60.78285517084512
2024-11-28,Paris,-2.3879132220102193,62.91387974145029
2024-11-28,Lyon,-2.6754988363217995,59.87553059604879
2024-11-28,Marseille,-2.2435592592081286,57.71693955839717
2024-11-29,Paris,-3.6917078140408575,68.46534854942499
2024-11-29,Lyon,-3.53396611748858,54.15984193279462
2024-11-29,Marseille,-1.762044510881349,59.81165552883617
2024-11-30,Paris,-5.216216347620316,62.1795553577126
2024-11-30,Lyon,-2.595022403101327,52.58422497552671
2024-11-30,Marseille,-0.02906502369191255,62.80683273723172
2024-12-01,Paris,-4.710091585632652,65.8394600969179
2024-12-01,Lyon,-0.8634128650044386,59.21057254988098
2024-12-01,Marseille,0.9994300095067348,61.175747771861126
2024-12-02,Paris,-2.0094202137508326,55.35355350698094
2024-12-02,Lyon,-0.7895531849286115,61.7699891410041
2024-12-02,Marseille,-1.923893783763346,54.75643817574535
2024-12-03,Paris,-1.4635804177740117,58.71204378571747
2024-12-03,Lyon,-4.3903887635745615,49.94589095042689
2024-12-03,Marseille,-0.5931333684866205,46.57386436884215
2024-12-04,Paris,-1.0808128343339558,56.97611385194935
2024-12-04,Lyon,1.1248593255033446,58.22259139085148
2024-12-04,Marseille,-0.17266545975268377,57.92684835927828
2024-12-05,Paris,-1.030407732212468,63.1541143886678
2024-12-05,Lyon,-2.183015471833915,63.76114151278669
2024-12-05,Marseille,-3.245299793397721,59.61396071014829
2024-12-06,Paris,0.8229596074860994,63.95260610611619
2024-12-06,Lyon,2.8105699153812145,58.02778824534829
2024-12-06,Marseille,-3.780618340786782,52.918596335725205
2024-12-07,Paris,0.5359340394427625,63.037570583417434
2024-12-07,Lyon,-0.58043777435928,54.26334757825366
2024-12-07,Marseille,0.74878349300401,54.552141695954575
2024-12-08,Paris,1.772031021393702,75.64182484256729
2024-12-08,Lyon,0.18703414978300337,63.31917528219026
2024-12-08,Marseille,-1.5315876811512164,50.32139489990693
2024-12-09,Paris,-1.5105805587060255,53.98285495241412
2024-12-09,Lyon,-3.199150985475612,67.04598861182436
2024-12-09,Marseille,0.24058320340596517,62.39646731824498
2024-12-10,Paris,-0.6808882243042008,59.14028482832876
2024-12-10,Lyon,1.866257870566965,61.37124230399256
2024-12-10,Marseille,0.9985443821377638,60.03227831518604
2024-12-11,Paris,-0.5033507068495718,53.13329627864171
2024-12-11,Lyon,-3.7745430501197337,56.89734219535691
2024-12-11,Marseille,0.29394845860098795,54.215596422377395
2024-12-12,Paris,0.35723190008639316,61.006877712308324
2024-12-12,Lyon,-3.8858343819630994,53.61665183072862
2024-12-12,Marseille,1.2407094176265958,63.20349505485866
2024-12-13,Paris,-1.6345863260086686,60.386340340443866
2024-12-13,Lyon,2.717577957511797,66.09076345301197
2024-12-13,Marseille,0.4821919327629835,58.524285476586726
2024-12-14,Paris,-0.33806133168058716,62.759352890081416
2024-12-14,Lyon,1.3108355832741978,64.556612155017
2024-12-14,Marseille,1.1843752632307256,65.42753568421713
2024-12-15,Paris,1.3588856391725788,65.40725310021475
2024-12-15,Lyon,2.911346113990456,58.392652653322976
2024-12-15,Marseille,-2.4465875204843135,66.91798990383494
2024-12-16,Paris,1.9332259713352737,53.298506624150065
2024-12-16,Lyon,-0.007730484526671688,64.56573368996264
2024-12-16,Marseille,0.8605548476449645,58.667026330820846
2024-12-17,Paris,4.472941025563433,58.197974205990946
2024-12-17,Lyon,0.0748705894278312,61.852500051469974
2024-12-17,Marseille,2.4520871690452637,64.70361279570275
2024-12-18,Paris,3.7459085911086047,64.0278390577419
2024-12-18,Lyon,2.9022003798475295,
2024-12-18,Marseille,2.04882910844414,62.55436916500381
2024-12-19,Paris,2.6067956239894134,66.24803247098745
2024-12-19,Lyon,3.2868907162410035,63.01447550292552
2024-12-19,Marseille,0.5583473824692617,61.4946207784751
2024-12-20,Paris,2.374567267486345,63.24284932711841
2024-12-20,Lyon,6.843653451558637,62.339529245789606
2024-12-20,Marseille,3.2751808755285516,68.15961992909922
2024-12-21,Paris,2.8813715182345505,74.29827516343853
2024-12-21,Lyon,1.9292891065728313,63.65824623218091
2024-12-21,Marseille,1.087756200249821,59.77525670107041
2024-12-22,Paris,3.4386862390943382,67.20005657631748
2024-12-22,Lyon,3.579008086348171,69.34830361980481
2024-12-22,Marseille,2.750887797115679,60.8950145503966
2024-12-23,Paris,8.604849541068482,68.06158519642864
2024-12-23,Lyon,1.7579162345526138,58.51091815406862
2024-12-23,Marseille,1.3115194974470281,66.39724570232956
2024-12-24,Paris,2.7247199525019847,63.21835254889883
2024-12-24,Lyon,3.326457189411931,66.60004455246704
2024-12-24,Marseille,1.7599863525204282,56.62483857991239
2024-12-25,Paris,4.159122633301489,66.46325175282647
2024-12-25,Lyon,4.375592645133581,59.541068690939596
2024-12-25,Marseille,5.065497703121087,60.28297573574057
2024-12-26,Paris,2.9248863083924235,58.011467214491304
2024-12-26,Lyon,6.570280295269252,68.08557893536415
2024-12-26,Marseille,5.177950349322937,70.31913036837187
2024-12-27,Paris,9.851003488128633,58.35113973621115
2024-12-27,Lyon,2.748951829896971,59.555163839950325
2024-12-27,Marseille,2.5240657468858014,
2024-12-28,Paris,3.884369697548082,57.24167724947887
2024-12-28,Lyon,5.153760560733639,64.3448219509803
2024-12-28,Marseille,5.445733155186124,66.80015615869998
2024-12-29,Paris,5.947813364515824,62.700161726681245
2024-12-29,Lyon,8.984086462929806,67.56112585225952
2024-12-29,Marseille,1.0168301524128807,
2024-12-30,Paris,1.5189940219443785,61.99806955892316
2024-12-30,Lyon,4.756389551893342,61.51170524163872
2024-12-30,Marseille,9.021852224801037,69.15802570526517
