Date,Produit,Prix,Quantit√©,Ville,Total
2024-01-01,D,20.55,13.0,Paris,267.15000000000003
2024-01-01,A,13.78,21.0,Paris,289.38
2024-01-01,D,19.66,8.0,Paris,157.28
2024-01-01,A,12.72,8.0,Lyon,101.76
2024-01-01,A,11.71,19.0,Paris,222.49
2024-01-01,B,9.19,10.0,Paris,91.89999999999999
2024-01-02,B,8.13,9.0,Paris,73.17
2024-01-02,A,12.06,22.0,Paris,265.32
2024-01-02,C,14.23,8.0,Lyon,113.84
2024-01-02,A,12.36,19.0,Marseille,234.83999999999997
2024-01-02,A,14.77,23.0,Paris,339.71
2024-01-02,D,20.24,10.0,Toulouse,202.39999999999998
2024-01-03,A,11.76,10.0,Paris,117.6
2024-01-03,C,14.0,4.0,Lyon,56.0
2024-01-03,A,13.03,22.0,Marseille,286.65999999999997
2024-01-03,C,14.91,5.0,Paris,74.55
2024-01-03,D,18.9,11.0,Paris,207.89999999999998
2024-01-03,A,13.51,13.0,Lyon,175.63
2024-01-04,B,8.32,11.0,Marseille,91.52000000000001
2024-01-04,C,14.48,4.0,Paris,57.92
2024-01-04,C,14.98,4.0,Paris,59.92
2024-01-04,D,22.24,0.0,Marseille,0.0
2024-01-04,A,13.28,29.0,Paris,385.12
2024-01-05,A,11.96,15.0,Toulouse,179.4
2024-01-05,C,15.86,10.0,Marseille,158.6
2024-01-05,A,12.69,22.0,Marseille,279.18
2024-01-05,D,19.61,4.0,Paris,78.44
2024-01-05,B,8.31,13.0,Paris,108.03
2024-01-05,B,6.94,9.0,Paris,62.46
2024-01-05,A,12.48,20.0,Lyon,249.60000000000002
2024-01-06,B,8.07,11.0,Paris,88.77000000000001
2024-01-06,C,14.55,11.0,Toulouse,160.05
2024-01-06,A,12.58,19.0,Paris,239.02
2024-01-07,B,8.37,21.0,Lyon,175.76999999999998
2024-01-07,B,7.49,12.0,Lyon,89.88
2024-01-07,A,12.54,25.0,Toulouse,313.5
2024-01-08,C,14.85,10.0,Lyon,148.5
2024-01-08,C,14.87,13.0,Paris,193.31
2024-01-08,C,14.78,14.0,Paris,206.92
2024-01-08,D,20.62,0.0,Marseille,0.0
2024-01-08,C,14.54,12.0,Lyon,174.48
2024-01-09,A,13.53,20.0,Lyon,270.59999999999997
2024-01-09,B,7.86,10.0,Toulouse,78.60000000000001
2024-01-09,D,19.16,11.0,Paris,210.76
2024-01-09,C,15.73,15.0,Paris,235.95000000000002
2024-01-10,D,20.58,2.0,Paris,41.16
2024-01-10,A,14.21,20.0,Marseille,284.20000000000005
2024-01-10,A,11.93,21.0,Paris,250.53
2024-01-10,C,16.03,11.0,Marseille,176.33
2024-01-10,B,7.94,8.0,Paris,63.52
2024-01-10,A,12.65,19.0,Toulouse,240.35
2024-01-11,B,9.19,5.0,Marseille,45.949999999999996
2024-01-11,D,20.37,0.0,Lyon,0.0
2024-01-11,C,13.86,7.0,Toulouse,97.02
2024-01-11,C,15.18,10.0,Lyon,151.8
2024-01-11,B,7.39,9.0,Paris,66.50999999999999
2024-01-12,A,13.32,18.0,Marseille,239.76
2024-01-12,B,8.35,7.0,Toulouse,58.449999999999996
2024-01-12,A,13.6,18.0,Marseille,244.79999999999998
2024-01-12,C,14.54,15.0,Paris,218.1
2024-01-12,C,15.55,10.0,Toulouse,155.5
2024-01-13,A,11.83,20.0,Paris,236.6
2024-01-13,B,8.23,9.0,Lyon,74.07000000000001
2024-01-13,C,14.6,6.0,Toulouse,87.6
2024-01-13,C,15.0,11.0,Paris,165.0
2024-01-14,A,14.05,18.0,Paris,252.9
2024-01-14,B,10.1,21.0,Lyon,212.1
2024-01-14,C,15.37,11.0,Paris,169.07
2024-01-14,C,15.0,0.0,Paris,0.0
2024-01-14,A,12.18,26.0,Paris,316.68
2024-01-15,B,7.95,10.0,Paris,79.5
2024-01-15,D,20.73,,Marseille,
2024-01-15,B,7.26,13.0,Paris,94.38
2024-01-16,A,13.2,21.0,Lyon,277.2
2024-01-16,A,10.25,12.0,Paris,123.0
2024-01-16,B,9.52,4.0,Lyon,38.08
2024-01-16,A,13.99,10.0,Lyon,139.9
2024-01-16,D,19.76,8.0,Paris,158.08
2024-01-16,B,8.27,10.0,Toulouse,82.69999999999999
2024-01-16,B,9.49,5.0,Lyon,47.45
2024-01-17,C,16.34,11.0,Marseille,179.74
2024-01-17,A,12.15,14.0,Lyon,170.1
2024-01-17,A,11.63,23.0,Marseille,267.49
2024-01-17,B,7.33,18.0,Paris,131.94
2024-01-17,B,7.4,18.0,Toulouse,133.20000000000002
2024-01-18,B,8.28,14.0,Lyon,115.91999999999999
2024-01-18,B,9.53,14.0,Paris,133.42
2024-01-18,A,13.72,19.0,Lyon,260.68
2024-01-18,A,13.8,22.0,Paris,303.6
2024-01-18,B,7.98,28.0,Lyon,223.44
2024-01-18,A,13.19,17.0,Marseille,224.23
2024-01-19,B,7.6,22.0,Paris,167.2
2024-01-19,A,13.83,21.0,Marseille,290.43
2024-01-19,C,15.47,4.0,Paris,61.88
2024-01-19,B,9.04,11.0,Lyon,99.44
2024-01-19,A,13.23,15.0,Lyon,198.45000000000002
2024-01-19,A,13.1,15.0,Paris,196.5
2024-01-20,D,20.71,0.0,Paris,0.0
2024-01-20,B,8.5,11.0,Lyon,93.5
2024-01-20,B,8.14,21.0,Lyon,170.94
2024-01-20,C,14.87,3.0,Lyon,44.61
2024-01-21,A,12.4,17.0,Paris,210.8
2024-01-21,A,13.96,21.0,Lyon,293.16
2024-01-21,D,19.55,1.0,Toulouse,19.55
2024-01-21,A,13.0,22.0,Toulouse,286.0
2024-01-21,A,13.32,18.0,Lyon,239.76
2024-01-21,B,7.94,21.0,Lyon,166.74
2024-01-21,B,8.19,16.0,Lyon,131.04
2024-01-22,A,11.26,15.0,Lyon,168.9
2024-01-22,A,13.24,27.0,Paris,357.48
2024-01-22,C,14.84,11.0,,163.24
2024-01-22,C,14.5,18.0,Toulouse,261.0
2024-01-23,B,8.06,6.0,Marseille,48.36
2024-01-23,B,7.82,19.0,Marseille,148.58
2024-01-23,B,8.48,9.0,Lyon,76.32000000000001
2024-01-23,C,15.71,13.0,Marseille,204.23000000000002
2024-01-24,C,15.35,1.0,Paris,15.35
2024-01-24,D,19.71,8.0,Marseille,157.68
2024-01-24,B,7.66,10.0,Marseille,76.6
2024-01-24,B,8.41,19.0,Toulouse,159.79
2024-01-25,B,8.13,16.0,Paris,130.08
2024-01-25,A,13.54,24.0,Marseille,324.96
2024-01-25,A,13.87,9.0,Lyon,124.83
2024-01-25,B,8.12,15.0,Lyon,121.79999999999998
2024-01-25,C,16.93,2.0,Toulouse,33.86
2024-01-25,D,19.47,5.0,Lyon,97.35
2024-01-26,B,7.43,8.0,Lyon,59.44
2024-01-26,A,11.3,28.0,Lyon,316.40000000000003
2024-01-26,B,7.62,14.0,Marseille,106.68
2024-01-26,B,8.38,17.0,Toulouse,142.46
2024-01-27,A,12.41,15.0,Paris,186.15
2024-01-27,A,11.91,17.0,,202.47
2024-01-27,B,8.28,12.0,Marseille,99.35999999999999
2024-01-27,B,9.04,8.0,Marseille,72.32
2024-01-27,A,12.62,11.0,Lyon,138.82
2024-01-27,B,7.86,1.0,Marseille,7.86
2024-01-27,A,13.74,13.0,Toulouse,178.62
2024-01-28,B,8.27,7.0,Lyon,57.89
2024-01-28,A,12.47,10.0,Paris,124.7
2024-01-28,A,12.56,12.0,Paris,150.72
2024-01-28,D,22.28,10.0,Marseille,222.8
2024-01-28,B,8.43,,Lyon,
2024-01-29,B,7.16,6.0,Toulouse,42.96
2024-01-29,B,8.37,3.0,Paris,25.11
2024-01-29,D,20.79,0.0,Toulouse,0.0
2024-01-30,A,11.12,21.0,Toulouse,233.51999999999998
2024-01-30,A,13.43,17.0,Toulouse,228.31
2024-01-30,C,15.16,6.0,Marseille,90.96000000000001
2024-01-31,C,14.37,22.0,Marseille,316.14
2024-01-31,A,13.65,13.0,Lyon,177.45000000000002
2024-01-31,C,15.59,9.0,Lyon,140.31
2024-02-01,A,11.77,24.0,Lyon,282.48
2024-02-01,B,7.3,13.0,Marseille,94.89999999999999
2024-02-01,A,13.1,12.0,Lyon,157.2
2024-02-01,C,15.34,16.0,Toulouse,245.44
2024-02-01,D,20.64,0.0,Toulouse,0.0
2024-02-01,C,16.21,12.0,Marseille,194.52
2024-02-02,A,13.61,23.0,Lyon,313.03
2024-02-02,B,8.21,16.0,Marseille,131.36
2024-02-02,B,7.89,0.0,Paris,0.0
2024-02-02,C,14.54,9.0,Toulouse,130.85999999999999
2024-02-02,B,9.14,12.0,Lyon,109.68
2024-02-03,B,9.41,7.0,Marseille,65.87
2024-02-03,A,13.18,23.0,Marseille,303.14
2024-02-03,B,9.22,15.0,Paris,138.3
2024-02-03,A,13.15,27.0,Marseille,355.05
2024-02-03,A,11.39,21.0,Lyon,239.19
2024-02-04,B,8.1,13.0,Paris,105.3
2024-02-04,C,16.55,15.0,Marseille,248.25
2024-02-04,B,7.83,5.0,Paris,39.15
2024-02-04,D,19.71,13.0,Lyon,256.23
2024-02-04,D,21.36,0.0,Lyon,0.0
2024-02-04,B,8.54,15.0,Marseille,128.1
2024-02-05,C,16.07,3.0,Lyon,48.21
2024-02-05,B,8.61,12.0,Toulouse,103.32
2024-02-05,B,10.5,14.0,Lyon,147.0
2024-02-05,A,14.08,15.0,Paris,211.2
2024-02-05,A,13.91,6.0,Toulouse,83.46000000000001
2024-02-05,A,14.24,13.0,Lyon,185.12
2024-02-05,A,12.33,17.0,Paris,209.61
2024-02-06,B,8.29,15.0,Lyon,124.35
2024-02-06,B,8.26,6.0,Paris,49.56
2024-02-06,D,23.25,6.0,Paris,139.5
2024-02-06,C,16.05,8.0,Paris,128.4
2024-02-06,A,13.22,15.0,Lyon,198.3
2024-02-06,A,13.04,25.0,Lyon,326.0
2024-02-07,B,9.76,11.0,Paris,107.36
2024-02-07,A,13.35,17.0,Paris,226.95
2024-02-07,D,22.35,6.0,Toulouse,134.10000000000002
2024-02-07,C,15.71,14.0,Lyon,219.94
2024-02-07,A,13.28,10.0,Lyon,132.79999999999998
2024-02-07,A,14.03,18.0,Lyon,252.54
2024-02-08,C,15.94,9.0,Marseille,143.46
2024-02-08,D,19.89,1.0,Paris,19.89
2024-02-08,B,9.05,14.0,Paris,126.70000000000002
2024-02-08,D,22.34,10.0,Toulouse,223.4
2024-02-09,A,12.73,10.0,Lyon,127.30000000000001
2024-02-09,A,12.27,26.0,Lyon,319.02
2024-02-09,B,8.68,11.0,Marseille,95.47999999999999
2024-02-09,A,13.26,23.0,Toulouse,304.98
2024-02-09,C,15.66,8.0,Paris,125.28
2024-02-09,B,7.43,15.0,Paris,111.44999999999999
2024-02-09,C,15.97,10.0,Paris,159.70000000000002
2024-02-10,A,12.01,20.0,Lyon,240.2
2024-02-10,C,15.6,11.0,Paris,171.6
2024-02-10,A,14.61,25.0,Marseille,365.25
2024-02-10,A,13.18,22.0,Lyon,289.96
2024-02-10,B,8.24,12.0,Lyon,98.88
2024-02-10,A,12.09,14.0,Lyon,169.26
2024-02-10,C,16.43,0.0,Lyon,0.0
2024-02-11,B,8.77,3.0,Paris,26.31
2024-02-11,C,16.29,3.0,Lyon,48.87
2024-02-11,A,12.49,9.0,Marseille,112.41
2024-02-11,B,7.89,11.0,Paris,86.78999999999999
2024-02-11,A,13.08,14.0,Marseille,183.12
2024-02-11,D,21.85,11.0,Lyon,240.35000000000002
2024-02-11,A,14.35,21.0,Marseille,301.34999999999997
2024-02-12,D,22.43,11.0,Paris,246.73
2024-02-12,C,16.09,6.0,Toulouse,96.53999999999999
2024-02-12,B,6.98,10.0,Paris,69.80000000000001
2024-02-13,A,13.2,13.0,Marseille,171.6
2024-02-13,C,15.98,5.0,Lyon,79.9
2024-02-13,B,7.53,19.0,Lyon,143.07
2024-02-14,A,12.54,24.0,Marseille,300.96
2024-02-14,A,13.7,8.0,Marseille,109.6
2024-02-14,A,14.07,19.0,Lyon,267.33
2024-02-14,A,13.95,18.0,Marseille,251.1
2024-02-14,D,22.38,2.0,Lyon,44.76
2024-02-14,B,9.3,13.0,Toulouse,120.9
2024-02-14,C,14.7,0.0,Marseille,0.0
2024-02-15,A,12.31,13.0,Paris,160.03
2024-02-15,A,13.36,19.0,Lyon,253.83999999999997
2024-02-15,C,16.85,7.0,Toulouse,117.95000000000002
2024-02-16,D,21.33,2.0,Marseille,42.66
2024-02-16,A,13.3,15.0,Paris,199.5
2024-02-16,D,21.82,8.0,Lyon,174.56
2024-02-16,A,15.41,20.0,Lyon,308.2
2024-02-16,A,11.94,33.0,Toulouse,394.02
2024-02-17,C,15.54,5.0,Lyon,77.69999999999999
2024-02-17,B,7.92,12.0,Toulouse,95.03999999999999
2024-02-17,A,0.0,23.0,Lyon,0.0
2024-02-17,A,12.02,11.0,Paris,132.22
2024-02-17,C,15.43,8.0,Paris,123.44
2024-02-18,D,21.53,11.0,Toulouse,236.83
2024-02-18,B,9.03,22.0,Toulouse,198.66
2024-02-18,C,17.0,9.0,Paris,153.0
2024-02-18,A,13.06,13.0,Paris,169.78
2024-02-18,D,21.75,2.0,Paris,43.5
2024-02-18,D,21.46,8.0,Toulouse,171.68
2024-02-18,A,13.0,21.0,Toulouse,273.0
2024-02-19,C,16.16,15.0,Paris,242.4
2024-02-19,A,13.6,18.0,Lyon,244.79999999999998
2024-02-19,A,13.96,28.0,Marseille,390.88
2024-02-19,A,13.65,25.0,Toulouse,341.25
2024-02-20,B,8.76,14.0,Paris,122.64
2024-02-20,A,13.17,18.0,Lyon,237.06
2024-02-20,A,13.08,18.0,Toulouse,235.44
2024-02-20,D,21.83,3.0,Paris,65.49
2024-02-20,A,13.36,7.0,Marseille,93.52
2024-02-20,C,14.79,6.0,Toulouse,88.74
2024-02-21,A,13.55,23.0,Marseille,311.65000000000003
2024-02-21,A,13.85,20.0,Paris,277.0
2024-02-21,A,12.0,,Paris,
2024-02-22,A,13.55,16.0,Lyon,216.8
2024-02-22,D,21.99,5.0,Paris,109.94999999999999
2024-02-22,D,22.15,9.0,Marseille,199.35
2024-02-22,C,15.43,10.0,Paris,154.3
2024-02-23,D,21.47,0.0,Paris,0.0
2024-02-23,B,7.5,15.0,Lyon,112.5
2024-02-23,A,13.86,13.0,Paris,180.18
2024-02-23,B,8.88,11.0,Paris,97.68
2024-02-23,B,7.89,20.0,Toulouse,157.79999999999998
2024-02-23,C,17.17,12.0,Toulouse,206.04000000000002
2024-02-24,A,12.74,17.0,Paris,216.58
2024-02-24,D,21.62,0.0,Lyon,0.0
2024-02-24,C,16.04,9.0,Paris,144.35999999999999
2024-02-25,B,8.28,17.0,Paris,140.76
2024-02-25,D,22.15,1.0,Marseille,22.15
2024-02-25,A,13.81,18.0,Paris,248.58
2024-02-25,D,23.0,12.0,Lyon,276.0
2024-02-26,C,16.56,12.0,Marseille,198.71999999999997
2024-02-26,A,13.63,22.0,Marseille,299.86
2024-02-26,B,8.99,22.0,Marseille,197.78
2024-02-27,C,17.65,14.0,Lyon,247.09999999999997
2024-02-27,B,8.39,1.0,Marseille,8.39
2024-02-27,D,-1.0,5.0,Paris,-5.0
2024-02-27,A,12.5,23.0,Lyon,287.5
2024-02-27,B,8.53,8.0,Paris,68.24
2024-02-28,C,17.18,7.0,Lyon,120.25999999999999
2024-02-28,C,16.3,16.0,Lyon,260.8
2024-02-28,B,8.35,12.0,Lyon,100.19999999999999
2024-02-29,D,21.58,10.0,Paris,215.79999999999998
2024-02-29,B,9.87,18.0,Marseille,177.66
2024-02-29,A,13.97,19.0,Paris,265.43
2024-02-29,A,13.55,23.0,Paris,311.65000000000003
2024-02-29,D,22.33,0.0,Lyon,0.0
2024-02-29,B,8.4,6.0,Toulouse,50.400000000000006
2024-03-01,D,21.75,5.0,Lyon,108.75
2024-03-01,B,8.08,8.0,Toulouse,64.64
2024-03-01,B,8.22,2.0,Marseille,16.44
2024-03-01,A,15.34,11.0,Toulouse,168.74
2024-03-02,A,14.27,24.0,Lyon,342.48
2024-03-02,C,16.6,15.0,Toulouse,249.00000000000003
2024-03-02,A,13.33,15.0,Paris,199.95
2024-03-03,D,22.35,5.0,Paris,111.75
2024-03-03,B,9.44,13.0,Lyon,122.72
2024-03-03,B,10.38,11.0,Paris,114.18
2024-03-03,A,14.49,12.0,Paris,173.88
2024-03-03,C,15.83,18.0,Toulouse,284.94
2024-03-03,A,14.3,20.0,Toulouse,286.0
2024-03-03,C,18.25,8.0,Toulouse,146.0
2024-03-04,A,13.77,20.0,Marseille,275.4
2024-03-04,A,12.74,26.0,Marseille,331.24
2024-03-04,A,14.42,16.0,Marseille,230.72
2024-03-05,A,13.87,14.0,Marseille,194.17999999999998
2024-03-05,D,22.52,5.0,Toulouse,112.6
2024-03-05,A,13.37,22.0,Paris,294.14
2024-03-05,B,9.61,4.0,Lyon,38.44
2024-03-05,B,9.42,1.0,Lyon,9.42
2024-03-05,B,8.48,11.0,Lyon,93.28
2024-03-05,A,14.64,21.0,Lyon,307.44
2024-03-06,D,19.81,,Paris,
2024-03-06,A,12.52,9.0,Lyon,112.67999999999999
2024-03-06,B,9.83,14.0,Marseille,137.62
2024-03-06,C,16.97,10.0,Paris,169.7
2024-03-06,D,21.21,4.0,Lyon,84.84
2024-03-06,A,12.84,12.0,Marseille,154.07999999999998
2024-03-06,B,9.46,4.0,Marseille,37.84
2024-03-07,D,21.9,12.0,Paris,262.79999999999995
2024-03-07,D,21.4,8.0,Paris,171.2
2024-03-07,C,15.71,8.0,Marseille,125.68
2024-03-08,A,14.03,18.0,Lyon,252.54
2024-03-08,C,16.15,11.0,Paris,177.64999999999998
2024-03-08,B,9.66,10.0,Toulouse,96.6
2024-03-08,B,9.33,8.0,Paris,74.64
2024-03-08,C,17.84,4.0,Paris,71.36
2024-03-08,B,10.51,5.0,Paris,52.55
2024-03-09,D,23.83,0.0,Paris,0.0
2024-03-09,A,13.1,14.0,Lyon,183.4
2024-03-09,A,13.22,18.0,Paris,237.96
2024-03-09,A,15.0,22.0,Lyon,330.0
2024-03-09,B,9.58,9.0,Lyon,86.22
2024-03-10,D,21.27,10.0,Lyon,212.7
2024-03-10,B,7.4,5.0,Paris,37.0
2024-03-10,B,9.74,10.0,Marseille,97.4
2024-03-10,A,12.59,22.0,Lyon,276.98
2024-03-11,B,7.81,5.0,Marseille,39.05
2024-03-11,D,22.44,15.0,Marseille,336.6
2024-03-11,B,8.83,8.0,Toulouse,70.64
2024-03-11,A,12.88,21.0,Lyon,270.48
2024-03-11,A,14.94,16.0,Paris,239.04
2024-03-12,D,20.02,3.0,Paris,60.06
2024-03-12,D,21.29,9.0,Marseille,191.60999999999999
2024-03-12,A,14.33,14.0,Toulouse,200.62
2024-03-12,B,7.77,12.0,Paris,93.24
2024-03-12,A,13.14,12.0,Lyon,157.68
2024-03-12,A,13.73,9.0,Marseille,123.57000000000001
2024-03-13,B,9.43,12.0,Lyon,113.16
2024-03-13,D,21.59,8.0,Toulouse,172.72
2024-03-13,A,13.34,23.0,Toulouse,306.82
2024-03-13,D,22.36,8.0,Paris,178.88
2024-03-14,A,14.27,18.0,Lyon,256.86
2024-03-14,B,9.49,4.0,Paris,37.96
2024-03-14,D,21.5,10.0,Toulouse,215.0
2024-03-15,C,16.39,3.0,Lyon,49.17
2024-03-15,A,13.89,13.0,Toulouse,180.57
2024-03-15,D,22.5,3.0,Paris,67.5
2024-03-16,B,8.0,14.0,Paris,112.0
2024-03-16,C,15.9,8.0,Toulouse,127.2
2024-03-16,A,13.26,15.0,Paris,198.9
2024-03-16,A,13.95,14.0,Paris,195.29999999999998
2024-03-16,B,7.55,16.0,Lyon,120.8
2024-03-17,C,17.16,12.0,Lyon,205.92000000000002
2024-03-17,C,16.76,0.0,Lyon,0.0
2024-03-17,A,14.05,17.0,Paris,238.85000000000002
2024-03-17,A,14.81,16.0,Lyon,236.96
2024-03-17,C,16.82,3.0,Paris,50.46
2024-03-17,C,15.5,11.0,Paris,170.5
2024-03-18,B,9.43,5.0,Lyon,47.15
2024-03-18,A,13.41,20.0,Marseille,268.2
2024-03-18,C,17.27,10.0,Lyon,172.7
2024-03-18,D,22.32,6.0,Marseille,133.92000000000002
2024-03-18,A,13.98,17.0,Paris,237.66
2024-03-18,C,16.45,15.0,Lyon,246.75
2024-03-19,B,8.81,8.0,Paris,70.48
2024-03-19,C,18.08,9.0,Paris,162.71999999999997
2024-03-19,A,13.43,18.0,Paris,241.74
2024-03-20,D,21.32,12.0,Paris,255.84
2024-03-20,A,14.27,23.0,Paris,328.21
2024-03-20,A,13.95,14.0,Marseille,195.29999999999998
2024-03-21,A,14.53,14.0,Lyon,203.42
2024-03-21,B,8.53,10.0,Lyon,85.3
2024-03-21,C,16.84,19.0,Paris,319.96
2024-03-21,D,21.45,10.0,Toulouse,214.5
2024-03-22,B,9.39,14.0,Marseille,131.46
2024-03-22,A,14.18,16.0,Paris,226.88
2024-03-22,B,7.4,2.0,Lyon,14.8
2024-03-22,D,21.59,4.0,Paris,86.36
2024-03-22,D,20.9,10.0,Marseille,209.0
2024-03-22,D,22.64,1.0,Lyon,22.64
2024-03-22,C,17.19,12.0,Marseille,206.28000000000003
2024-03-23,A,13.07,22.0,Lyon,287.54
2024-03-23,C,16.74,5.0,Paris,83.69999999999999
2024-03-23,D,21.02,5.0,Paris,105.1
2024-03-23,B,9.43,16.0,Lyon,150.88
2024-03-23,A,14.54,19.0,Lyon,276.26
2024-03-24,B,9.27,15.0,Toulouse,139.04999999999998
2024-03-24,A,13.94,17.0,Marseille,236.98
2024-03-24,A,14.35,20.0,Lyon,287.0
2024-03-24,C,17.04,0.0,Lyon,0.0
2024-03-25,C,15.33,3.0,Paris,45.99
2024-03-25,A,13.09,7.0,Marseille,91.63
2024-03-25,D,20.63,13.0,Lyon,268.19
2024-03-25,C,17.42,6.0,Paris,104.52000000000001
2024-03-26,B,8.37,13.0,Paris,108.80999999999999
2024-03-26,C,16.48,5.0,Lyon,82.4
2024-03-26,B,8.0,13.0,Marseille,104.0
2024-03-26,C,16.56,,Lyon,
2024-03-26,A,13.04,21.0,Lyon,273.84
2024-03-26,A,14.24,21.0,Marseille,299.04
2024-03-27,A,13.7,29.0,Paris,397.29999999999995
2024-03-27,C,16.74,2.0,Toulouse,33.48
2024-03-27,A,14.32,26.0,Lyon,372.32
2024-03-27,C,16.03,2.0,Lyon,32.06
2024-03-27,B,9.35,,Marseille,
2024-03-27,B,8.88,12.0,Paris,106.56
2024-03-27,A,13.38,16.0,Lyon,214.08
2024-03-28,C,16.42,7.0,Paris,114.94000000000001
2024-03-28,A,13.57,19.0,Paris,257.83
2024-03-28,C,17.69,7.0,Paris,123.83000000000001
2024-03-28,B,6.86,16.0,Paris,109.76
2024-03-28,D,22.05,8.0,Toulouse,176.4
2024-03-28,A,12.5,15.0,Marseille,187.5
2024-03-29,D,22.36,2.0,Paris,44.72
2024-03-29,A,13.99,17.0,Toulouse,237.83
2024-03-29,A,13.09,17.0,Marseille,222.53
2024-03-29,B,9.61,0.0,Marseille,0.0
2024-03-30,B,8.73,7.0,Lyon,61.11
2024-03-30,A,13.39,28.0,Lyon,374.92
2024-03-30,C,15.93,9.0,Lyon,143.37
2024-03-31,B,7.09,11.0,Toulouse,77.99
2024-03-31,B,9.44,16.0,Paris,151.04
2024-03-31,A,12.97,20.0,Paris,259.40000000000003
2024-03-31,D,23.27,7.0,Lyon,162.89
2024-03-31,B,8.59,8.0,Paris,68.72
2024-03-31,B,8.39,18.0,Lyon,151.02
2024-04-01,B,8.89,4.0,Paris,35.56
2024-04-01,C,18.0,14.0,Marseille,252.0
2024-04-01,B,8.85,16.0,Paris,141.6
2024-04-01,C,15.99,14.0,Toulouse,223.86
2024-04-01,D,21.73,3.0,Paris,65.19
2024-04-02,C,16.06,13.0,Marseille,208.77999999999997
2024-04-02,D,21.31,11.0,Toulouse,234.41
2024-04-02,B,9.09,8.0,Paris,72.72
2024-04-02,D,22.31,2.0,Paris,44.62
2024-04-02,A,13.35,20.0,Lyon,267.0
2024-04-02,D,20.99,0.0,Toulouse,0.0
2024-04-02,A,13.97,21.0,Paris,293.37
2024-04-03,C,16.55,14.0,Paris,231.70000000000002
2024-04-03,A,13.94,15.0,Lyon,209.1
2024-04-03,D,21.37,9.0,Lyon,192.33
2024-04-03,B,10.07,14.0,Marseille,140.98000000000002
2024-04-04,B,9.1,8.0,Paris,72.8
2024-04-04,C,16.18,11.0,Marseille,177.98
2024-04-04,A,14.85,23.0,Lyon,341.55
2024-04-04,A,14.57,11.0,Toulouse,160.27
2024-04-04,D,22.57,9.0,Marseille,203.13
2024-04-05,C,16.19,3.0,Lyon,48.57000000000001
2024-04-05,A,12.98,16.0,,207.68
2024-04-05,C,16.19,8.0,Lyon,129.52
2024-04-05,A,14.18,22.0,Marseille,311.96
2024-04-06,D,21.24,11.0,Marseille,233.64
2024-04-06,A,14.04,27.0,Paris,379.08
2024-04-06,A,13.73,16.0,Paris,219.68
2024-04-06,B,7.95,6.0,Marseille,47.7
2024-04-06,A,14.5,26.0,Toulouse,377.0
2024-04-06,A,13.66,17.0,Marseille,232.22
2024-04-06,A,13.8,23.0,Paris,317.40000000000003
2024-04-07,A,15.12,17.0,Lyon,257.03999999999996
2024-04-07,A,13.33,19.0,Toulouse,253.27
2024-04-07,B,8.48,7.0,Paris,59.36
2024-04-07,A,13.68,21.0,Marseille,287.28
2024-04-07,B,8.15,13.0,Paris,105.95
2024-04-07,C,16.32,0.0,Toulouse,0.0
2024-04-08,A,13.82,15.0,Toulouse,207.3
2024-04-08,A,11.74,10.0,Lyon,117.4
2024-04-08,B,6.78,4.0,Lyon,27.12
2024-04-09,B,8.54,8.0,Marseille,68.32
2024-04-09,B,7.29,12.0,Toulouse,87.48
2024-04-09,B,8.96,8.0,Paris,71.68
2024-04-10,D,21.62,6.0,Marseille,129.72
2024-04-10,A,14.34,17.0,Paris,243.78
2024-04-10,B,9.25,13.0,Marseille,120.25
2024-04-10,A,12.77,23.0,Marseille,293.71
2024-04-10,D,22.52,8.0,Paris,180.16
2024-04-11,C,17.13,2.0,Marseille,34.26
2024-04-11,C,16.63,4.0,Lyon,66.52
2024-04-11,D,20.63,1.0,Marseille,20.63
2024-04-11,B,9.85,18.0,Toulouse,177.29999999999998
2024-04-11,B,7.87,12.0,Paris,94.44
2024-04-11,A,14.09,12.0,Marseille,169.07999999999998
2024-04-11,B,9.23,16.0,Lyon,147.68
2024-04-12,B,8.34,12.0,Paris,100.08
2024-04-12,B,9.8,7.0,Marseille,68.60000000000001
2024-04-12,C,15.95,17.0,Marseille,271.15
2024-04-12,A,14.52,14.0,Lyon,203.28
2024-04-12,C,16.7,10.0,Toulouse,167.0
2024-04-13,B,9.82,3.0,Marseille,29.46
2024-04-13,C,15.59,6.0,Lyon,93.53999999999999
2024-04-13,A,13.47,21.0,Paris,282.87
2024-04-13,A,14.77,24.0,Paris,354.48
2024-04-13,A,12.37,13.0,Marseille,160.81
2024-04-14,B,9.0,17.0,Lyon,153.0
2024-04-14,A,12.82,18.0,Paris,230.76
2024-04-14,A,13.6,21.0,Lyon,285.59999999999997
2024-04-14,A,13.68,12.0,Paris,164.16
2024-04-14,C,15.34,,Lyon,
2024-04-14,B,8.79,12.0,Paris,105.47999999999999
2024-04-14,B,8.76,13.0,Lyon,113.88
2024-04-15,C,16.28,15.0,Paris,244.20000000000002
2024-04-15,A,12.7,13.0,Toulouse,165.1
2024-04-15,B,9.54,2.0,Paris,19.08
2024-04-15,B,8.61,23.0,Lyon,198.02999999999997
2024-04-15,D,22.17,10.0,Lyon,221.70000000000002
2024-04-15,B,8.42,5.0,Paris,42.1
2024-04-15,B,7.55,13.0,Toulouse,98.14999999999999
2024-04-16,B,8.3,1.0,Paris,8.3
2024-04-16,C,15.9,9.0,Marseille,143.1
2024-04-16,B,8.79,15.0,Paris,131.85
2024-04-16,C,14.91,8.0,Lyon,119.28
2024-04-16,B,7.32,21.0,Lyon,153.72
2024-04-16,D,23.02,1.0,Toulouse,23.02
2024-04-16,B,10.46,6.0,Lyon,62.760000000000005
2024-04-17,B,7.95,8.0,Paris,63.6
2024-04-17,A,14.28,13.0,Marseille,185.64
2024-04-17,D,23.71,8.0,Lyon,189.68
2024-04-17,C,17.41,4.0,Lyon,69.64
2024-04-17,C,17.41,1.0,Paris,17.41
2024-04-17,A,13.84,18.0,Marseille,249.12
2024-04-17,A,14.93,14.0,Paris,209.01999999999998
2024-04-18,B,8.61,9.0,Paris,77.49
2024-04-18,C,16.45,12.0,Paris,197.39999999999998
2024-04-18,A,14.86,18.0,Marseille,267.48
2024-04-18,A,13.56,14.0,Paris,189.84
2024-04-18,A,14.39,14.0,Toulouse,201.46
2024-04-18,B,8.54,15.0,Lyon,128.1
2024-04-19,B,8.43,5.0,Marseille,42.15
2024-04-19,A,14.23,20.0,Lyon,284.6
2024-04-19,C,18.06,13.0,Lyon,234.77999999999997
2024-04-20,C,16.8,11.0,Lyon,184.8
2024-04-20,B,9.07,9.0,Paris,81.63
2024-04-20,B,8.2,9.0,Lyon,73.8
2024-04-20,A,13.02,23.0,Paris,299.46
2024-04-21,C,16.96,16.0,Toulouse,271.36
2024-04-21,B,7.09,9.0,Toulouse,63.81
2024-04-21,A,13.82,12.0,Toulouse,165.84
2024-04-21,B,7.25,6.0,Toulouse,43.5
2024-04-22,A,13.61,27.0,Lyon,367.46999999999997
2024-04-22,B,9.16,7.0,Marseille,64.12
2024-04-22,D,21.02,11.0,Paris,231.22
2024-04-22,C,16.05,9.0,Lyon,144.45000000000002
2024-04-22,D,19.6,6.0,Lyon,117.60000000000001
2024-04-23,B,8.51,13.0,Lyon,110.63
2024-04-23,B,8.07,19.0,Toulouse,153.33
2024-04-23,C,17.31,11.0,Marseille,190.41
2024-04-23,A,14.19,17.0,Paris,241.23
2024-04-24,A,12.7,26.0,Marseille,330.2
2024-04-24,A,13.38,21.0,Lyon,280.98
2024-04-24,A,13.68,12.0,Paris,164.16
2024-04-24,C,16.19,4.0,Lyon,64.76
2024-04-24,B,10.66,15.0,Paris,159.9
2024-04-25,D,21.73,3.0,Marseille,65.19
2024-04-25,B,8.04,8.0,Paris,64.32
2024-04-25,D,21.21,6.0,Lyon,127.26
2024-04-25,B,8.52,5.0,Paris,42.599999999999994
2024-04-25,A,12.96,21.0,Lyon,272.16
2024-04-26,A,14.42,11.0,Toulouse,158.62
2024-04-26,C,16.89,12.0,Lyon,202.68
2024-04-26,B,8.41,11.0,Paris,92.51
2024-04-26,A,14.97,17.0,Lyon,254.49
2024-04-26,A,14.06,,Paris,
2024-04-26,B,8.19,9.0,Paris,73.71
2024-04-27,C,15.43,4.0,Toulouse,61.72
2024-04-27,B,9.61,14.0,Toulouse,134.54
2024-04-27,A,13.86,26.0,Paris,360.36
2024-04-27,C,16.7,9.0,Lyon,150.29999999999998
2024-04-28,B,7.42,12.0,Lyon,89.03999999999999
2024-04-28,C,16.18,7.0,Marseille,113.25999999999999
2024-04-28,B,6.94,19.0,Paris,131.86
2024-04-29,B,8.95,15.0,Paris,134.25
2024-04-29,D,19.86,8.0,Marseille,158.88
2024-04-29,A,13.58,29.0,Lyon,393.82
2024-04-29,D,20.55,6.0,Lyon,123.30000000000001
2024-04-29,D,21.36,3.0,Paris,64.08
2024-04-29,A,14.03,21.0,Lyon,294.63
2024-04-29,C,16.74,8.0,Toulouse,133.92
2024-04-30,D,21.16,11.0,Paris,232.76
2024-04-30,B,9.15,14.0,Lyon,128.1
2024-04-30,C,15.87,15.0,Lyon,238.04999999999998
2024-04-30,C,16.36,2.0,Marseille,32.72
2024-04-30,A,13.14,10.0,Toulouse,131.4
2024-04-30,A,16.39,10.0,Lyon,163.9
2024-04-30,B,8.63,8.0,Paris,69.04
2024-05-01,C,16.62,1.0,Lyon,16.62
2024-05-01,C,15.73,6.0,Toulouse,94.38
2024-05-01,A,12.36,18.0,Paris,222.48
2024-05-02,D,22.06,1.0,Paris,22.06
2024-05-02,B,9.08,20.0,Lyon,181.6
2024-05-02,A,13.42,18.0,Lyon,241.56
2024-05-02,D,21.46,11.0,Marseille,236.06
2024-05-03,D,20.56,7.0,Paris,143.92
2024-05-03,A,13.21,18.0,Lyon,237.78000000000003
2024-05-03,B,9.22,10.0,Lyon,92.2
2024-05-03,A,14.28,21.0,Lyon,299.88
2024-05-04,A,13.63,23.0,Paris,313.49
2024-05-04,B,9.22,0.0,Paris,0.0
2024-05-04,D,21.09,0.0,Paris,0.0
2024-05-04,A,14.52,22.0,Marseille,319.44
2024-05-04,B,7.82,6.0,Marseille,46.92
2024-05-04,C,15.89,3.0,Toulouse,47.67
2024-05-05,D,21.17,13.0,,275.21000000000004
2024-05-05,C,16.31,4.0,Marseille,65.24
2024-05-05,A,13.87,25.0,Toulouse,346.75
2024-05-05,A,14.05,10.0,Paris,140.5
2024-05-05,C,15.93,10.0,Lyon,159.3
2024-05-05,B,9.15,11.0,Marseille,100.65
2024-05-06,C,15.89,13.0,Paris,206.57
2024-05-06,A,13.23,15.0,Marseille,198.45000000000002
2024-05-06,A,13.77,15.0,Marseille,206.54999999999998
2024-05-06,B,7.15,14.0,,100.10000000000001
2024-05-06,B,9.29,10.0,Paris,92.89999999999999
2024-05-07,C,16.16,11.0,Paris,177.76
2024-05-07,C,16.36,15.0,Toulouse,245.39999999999998
2024-05-07,A,14.96,18.0,Toulouse,269.28000000000003
2024-05-07,A,13.7,24.0,Lyon,328.79999999999995
2024-05-07,A,12.61,12.0,Toulouse,151.32
2024-05-08,B,8.47,9.0,Toulouse,76.23
2024-05-08,D,21.61,6.0,Paris,129.66
2024-05-08,A,12.51,15.0,Lyon,187.65
2024-05-08,D,22.4,5.0,Lyon,112.0
2024-05-08,A,12.96,16.0,Paris,207.36
2024-05-09,A,13.08,11.0,Toulouse,143.88
2024-05-09,C,15.73,10.0,Marseille,157.3
2024-05-09,C,16.52,8.0,Toulouse,132.16
2024-05-09,A,13.81,17.0,Paris,234.77
2024-05-09,B,8.66,13.0,Paris,112.58
2024-05-09,B,8.71,4.0,Paris,34.84
2024-05-09,B,9.99,12.0,Lyon,119.88
2024-05-10,C,16.39,3.0,Paris,49.17
2024-05-10,D,21.46,2.0,Marseille,42.92
2024-05-10,B,8.71,7.0,Lyon,60.970000000000006
2024-05-10,C,16.97,0.0,Lyon,0.0
2024-05-11,B,10.34,7.0,Paris,72.38
2024-05-11,D,20.37,13.0,Paris,264.81
2024-05-11,B,9.11,11.0,Lyon,100.21
2024-05-12,D,22.4,4.0,Paris,89.6
2024-05-12,C,16.11,8.0,Paris,128.88
2024-05-12,C,16.02,13.0,Paris,208.26
2024-05-12,B,10.0,18.0,Lyon,180.0
2024-05-12,A,13.04,19.0,Paris,247.76
2024-05-13,A,12.8,14.0,Paris,179.20000000000002
2024-05-13,A,13.37,14.0,Marseille,187.17999999999998
2024-05-13,B,8.13,13.0,Toulouse,105.69000000000001
2024-05-13,C,16.51,11.0,Toulouse,181.61
2024-05-13,B,8.98,5.0,Marseille,44.900000000000006
2024-05-13,C,15.5,9.0,Lyon,139.5
2024-05-14,A,12.93,23.0,Toulouse,297.39
2024-05-14,D,21.12,12.0,Toulouse,253.44
2024-05-14,B,8.58,18.0,Lyon,154.44
2024-05-15,D,21.05,0.0,Paris,0.0
2024-05-15,A,12.84,18.0,Lyon,231.12
2024-05-15,D,21.64,4.0,Lyon,86.56
2024-05-15,C,15.52,6.0,Paris,93.12
2024-05-15,A,13.83,12.0,Toulouse,165.96
2024-05-16,C,17.15,7.0,Paris,120.04999999999998
2024-05-16,D,22.91,0.0,Paris,0.0
2024-05-16,C,15.66,11.0,Marseille,172.26
2024-05-16,C,14.95,16.0,Paris,239.2
2024-05-16,A,13.89,16.0,Paris,222.24
2024-05-16,C,16.3,0.0,Marseille,0.0
2024-05-16,D,21.0,0.0,Lyon,0.0
2024-05-17,A,12.58,20.0,Marseille,251.6
2024-05-17,A,13.46,26.0,Paris,349.96000000000004
2024-05-17,A,13.14,20.0,Lyon,262.8
2024-05-18,B,8.34,10.0,Paris,83.4
2024-05-18,A,12.7,13.0,Paris,165.1
2024-05-18,C,16.23,9.0,Lyon,146.07
2024-05-18,C,16.33,12.0,Lyon,195.95999999999998
2024-05-18,C,15.53,3.0,Lyon,46.589999999999996
2024-05-18,B,8.51,21.0,Toulouse,178.71
2024-05-19,B,8.77,9.0,Marseille,78.92999999999999
2024-05-19,C,16.82,10.0,Marseille,168.2
2024-05-19,B,8.32,13.0,Marseille,108.16
2024-05-19,D,22.07,11.0,Marseille,242.77
2024-05-20,C,15.94,15.0,Paris,239.1
2024-05-20,C,14.93,7.0,Toulouse,104.50999999999999
2024-05-20,D,20.67,5.0,Lyon,103.35000000000001
2024-05-20,C,15.95,9.0,Paris,143.54999999999998
2024-05-20,D,21.99,0.0,Toulouse,0.0
2024-05-20,A,12.83,19.0,Lyon,243.77
2024-05-20,C,14.48,12.0,Paris,173.76
2024-05-21,C,14.8,2.0,Paris,29.6
2024-05-21,A,13.16,21.0,Marseille,276.36
2024-05-21,C,17.12,2.0,Paris,34.24
2024-05-21,A,13.39,15.0,Lyon,200.85000000000002
2024-05-21,B,6.78,13.0,Marseille,88.14
2024-05-22,A,14.15,25.0,Marseille,353.75
2024-05-22,A,13.41,17.0,Marseille,227.97
2024-05-22,D,21.69,13.0,Marseille,281.97
2024-05-22,D,22.75,11.0,Paris,250.25
2024-05-22,B,7.71,16.0,Paris,123.36
2024-05-22,A,12.68,14.0,Lyon,177.51999999999998
2024-05-23,C,16.23,17.0,Lyon,275.91
2024-05-23,A,11.81,7.0,Toulouse,82.67
2024-05-23,B,9.8,24.0,Lyon,235.20000000000002
2024-05-23,C,16.05,1.0,Marseille,16.05
2024-05-23,B,9.21,5.0,Marseille,46.050000000000004
2024-05-23,A,13.76,20.0,Lyon,275.2
2024-05-24,C,15.39,11.0,Paris,169.29000000000002
2024-05-24,B,8.03,4.0,Toulouse,32.12
2024-05-24,C,16.69,10.0,Marseille,166.9
2024-05-24,B,8.54,4.0,Marseille,34.16
2024-05-24,B,7.95,13.0,Marseille,103.35000000000001
2024-05-24,C,17.86,3.0,Paris,53.58
2024-05-25,A,13.2,17.0,Marseille,224.39999999999998
2024-05-25,B,9.34,5.0,Paris,46.7
2024-05-25,A,13.73,24.0,Marseille,329.52
2024-05-25,A,13.54,23.0,Lyon,311.41999999999996
2024-05-25,B,8.67,17.0,Lyon,147.39
2024-05-25,D,20.89,13.0,Marseille,271.57
2024-05-25,B,8.87,5.0,Toulouse,44.349999999999994
2024-05-26,A,12.04,18.0,Toulouse,216.71999999999997
2024-05-26,D,22.04,8.0,,176.32
2024-05-26,B,8.41,8.0,Marseille,67.28
2024-05-26,C,16.31,8.0,Paris,130.48
2024-05-27,A,13.34,18.0,Paris,240.12
2024-05-27,B,9.05,14.0,Lyon,126.70000000000002
2024-05-27,A,13.27,15.0,Lyon,199.04999999999998
2024-05-27,D,21.25,3.0,Paris,63.75
2024-05-27,A,11.6,7.0,Marseille,81.2
2024-05-27,D,21.47,6.0,Toulouse,128.82
2024-05-27,B,8.8,17.0,Paris,149.60000000000002
2024-05-28,B,8.06,11.0,Paris,88.66000000000001
2024-05-28,B,8.59,8.0,Toulouse,68.72
2024-05-28,D,20.19,9.0,Toulouse,181.71
2024-05-28,D,21.59,1.0,Paris,21.59
2024-05-28,C,16.02,13.0,Toulouse,208.26
2024-05-29,A,12.75,17.0,Toulouse,216.75
2024-05-29,C,15.63,5.0,Paris,78.15
2024-05-29,A,13.02,10.0,Paris,130.2
2024-05-29,A,12.96,16.0,Toulouse,207.36
2024-05-29,C,15.75,11.0,Paris,173.25
2024-05-29,C,14.83,3.0,Paris,44.49
2024-05-29,A,12.55,11.0,Marseille,138.05
2024-05-30,A,12.84,19.0,Paris,243.96
2024-05-30,D,19.5,5.0,Lyon,97.5
2024-05-30,C,15.96,3.0,Lyon,47.88
2024-05-30,A,12.0,21.0,Lyon,252.0
2024-05-30,A,11.64,16.0,Marseille,186.24
2024-05-30,A,12.2,6.0,Marseille,73.19999999999999
2024-05-31,C,16.14,10.0,Paris,161.4
2024-05-31,B,8.18,16.0,Paris,130.88
2024-05-31,B,8.36,20.0,Lyon,167.2
2024-05-31,C,16.51,7.0,Lyon,115.57000000000001
2024-06-01,B,9.13,12.0,Toulouse,109.56
2024-06-01,C,17.11,9.0,Lyon,153.99
2024-06-01,D,21.29,5.0,Toulouse,106.44999999999999
2024-06-01,C,15.19,6.0,Toulouse,91.14
2024-06-01,A,13.08,23.0,Lyon,300.84
2024-06-01,D,22.08,15.0,Lyon,331.2
2024-06-02,C,15.46,12.0,Marseille,185.52
2024-06-02,B,10.36,23.0,Lyon,238.27999999999997
2024-06-02,C,16.79,17.0,Paris,285.43
2024-06-03,C,15.57,3.0,Lyon,46.71
2024-06-03,A,13.73,17.0,Paris,233.41
2024-06-03,A,12.54,14.0,Toulouse,175.56
2024-06-03,B,9.64,10.0,Paris,96.4
2024-06-03,B,9.92,4.0,Toulouse,39.68
2024-06-03,C,16.62,7.0,Paris,116.34
2024-06-04,C,15.77,6.0,Paris,94.62
2024-06-04,C,16.89,8.0,Paris,135.12
2024-06-04,B,8.93,9.0,Toulouse,80.37
2024-06-04,D,21.4,9.0,Paris,192.6
2024-06-04,A,14.28,17.0,Toulouse,242.76
2024-06-04,A,13.23,20.0,Lyon,264.6
2024-06-04,A,13.13,14.0,Marseille,183.82000000000002
2024-06-05,A,13.58,27.0,Toulouse,366.66
2024-06-05,B,8.42,18.0,Marseille,151.56
2024-06-05,A,12.88,17.0,Toulouse,218.96
2024-06-06,B,9.69,17.0,Paris,164.73
2024-06-06,A,14.12,26.0,Lyon,367.12
2024-06-06,B,8.13,15.0,Lyon,121.95000000000002
2024-06-06,C,13.97,11.0,Lyon,153.67000000000002
2024-06-06,C,15.05,6.0,Paris,90.30000000000001
2024-06-07,A,13.79,15.0,Toulouse,206.85
2024-06-07,A,13.5,17.0,Paris,229.5
2024-06-07,A,13.25,12.0,Paris,159.0
2024-06-07,D,20.86,0.0,Paris,0.0
2024-06-07,B,9.28,15.0,Marseille,139.2
2024-06-07,B,7.56,20.0,Lyon,151.2
2024-06-08,D,20.54,8.0,Marseille,164.32
2024-06-08,A,12.57,15.0,Paris,188.55
2024-06-08,B,8.49,20.0,Paris,169.8
2024-06-08,B,8.93,3.0,Lyon,26.79
2024-06-09,B,7.01,5.0,Paris,35.05
2024-06-09,A,12.99,16.0,Paris,207.84
2024-06-09,D,22.24,7.0,Lyon,155.67999999999998
2024-06-09,B,8.94,8.0,Paris,71.52
2024-06-09,A,12.37,16.0,Lyon,197.92
2024-06-09,A,13.1,19.0,Marseille,248.9
2024-06-09,B,8.0,14.0,Toulouse,112.0
2024-06-10,B,8.54,11.0,Marseille,93.94
2024-06-10,D,19.16,1.0,Paris,19.16
2024-06-10,A,12.6,27.0,Paris,340.2
2024-06-10,B,8.67,4.0,Lyon,34.68
2024-06-10,C,15.44,15.0,Lyon,231.6
2024-06-10,B,7.81,17.0,Paris,132.76999999999998
2024-06-10,A,11.72,3.0,Marseille,35.160000000000004
2024-06-11,B,8.86,15.0,Paris,132.89999999999998
2024-06-11,A,12.8,14.0,Lyon,179.20000000000002
2024-06-11,D,19.78,1.0,Marseille,19.78
2024-06-11,B,8.69,10.0,Marseille,86.89999999999999
2024-06-11,A,12.97,9.0,Marseille,116.73
2024-06-11,A,13.74,24.0,Paris,329.76
2024-06-11,C,14.98,0.0,Toulouse,0.0
2024-06-12,A,12.04,9.0,Marseille,108.35999999999999
2024-06-12,C,15.34,5.0,Paris,76.7
2024-06-12,A,11.93,16.0,Toulouse,190.88
2024-06-12,B,8.26,4.0,Marseille,33.04
2024-06-13,A,11.07,14.0,Paris,154.98000000000002
2024-06-13,A,12.65,15.0,Paris,189.75
2024-06-13,C,14.51,0.0,Toulouse,0.0
2024-06-14,A,13.05,16.0,Lyon,208.8
2024-06-14,B,8.47,3.0,Paris,25.410000000000004
2024-06-14,D,20.83,4.0,Lyon,83.32
2024-06-14,C,16.22,14.0,Paris,227.07999999999998
2024-06-14,A,13.21,16.0,Marseille,211.36
2024-06-14,B,7.98,7.0,Lyon,55.86
2024-06-14,B,8.08,5.0,Lyon,40.4
2024-06-15,D,20.88,0.0,Paris,0.0
2024-06-15,A,11.03,24.0,Paris,264.71999999999997
2024-06-15,A,14.03,15.0,Toulouse,210.45
2024-06-15,A,12.16,16.0,Paris,194.56
2024-06-15,C,14.49,10.0,Paris,144.9
2024-06-16,C,15.28,10.0,Paris,152.79999999999998
2024-06-16,A,12.68,17.0,Toulouse,215.56
2024-06-16,C,14.49,4.0,Marseille,57.96
2024-06-16,B,8.1,12.0,Paris,97.19999999999999
2024-06-16,B,9.45,14.0,Paris,132.29999999999998
2024-06-17,B,8.53,14.0,Paris,119.41999999999999
2024-06-17,A,12.7,13.0,Paris,165.1
2024-06-17,D,18.14,4.0,Paris,72.56
2024-06-17,B,7.19,12.0,Lyon,86.28
2024-06-17,C,14.86,11.0,Paris,163.45999999999998
2024-06-17,A,11.86,9.0,Marseille,106.74
2024-06-18,C,13.9,13.0,Marseille,180.70000000000002
2024-06-18,A,11.76,,Paris,
2024-06-18,A,13.46,19.0,Marseille,255.74
2024-06-18,A,12.0,,Paris,
2024-06-18,C,14.65,9.0,Paris,131.85
2024-06-18,D,20.38,3.0,Lyon,61.14
2024-06-18,A,12.4,12.0,Marseille,148.8
2024-06-19,D,20.17,0.0,Lyon,0.0
2024-06-19,B,6.69,8.0,Lyon,53.52
2024-06-19,D,21.14,8.0,Lyon,169.12
2024-06-19,C,15.83,5.0,Paris,79.15
2024-06-19,D,20.03,10.0,Marseille,200.3
2024-06-19,B,9.46,16.0,Lyon,151.36
2024-06-19,B,8.89,8.0,Paris,71.12
2024-06-20,D,21.29,0.0,Marseille,0.0
2024-06-20,A,11.79,21.0,Paris,247.58999999999997
2024-06-20,C,15.56,2.0,Lyon,31.12
2024-06-20,A,12.79,16.0,Marseille,204.64
2024-06-20,C,16.49,8.0,Marseille,131.92
2024-06-20,C,17.1,8.0,Marseille,136.8
2024-06-21,A,12.85,22.0,Lyon,282.7
2024-06-21,B,6.8,17.0,Toulouse,115.6
2024-06-21,B,8.48,8.0,Paris,67.84
2024-06-21,B,8.61,13.0,Marseille,111.92999999999999
2024-06-22,C,16.26,18.0,Paris,292.68
2024-06-22,C,14.58,7.0,Lyon,102.06
2024-06-22,A,13.19,19.0,Marseille,250.60999999999999
2024-06-23,A,12.05,19.0,Lyon,228.95000000000002
2024-06-23,C,14.89,10.0,Paris,148.9
2024-06-23,C,14.16,5.0,Paris,70.8
2024-06-23,B,8.59,25.0,Paris,214.75
2024-06-23,B,9.24,4.0,Lyon,36.96
2024-06-23,A,12.43,14.0,Paris,174.01999999999998
2024-06-23,A,12.64,19.0,Lyon,240.16000000000003
2024-06-24,A,12.57,22.0,Paris,276.54
2024-06-24,B,7.99,1.0,Toulouse,7.99
2024-06-24,B,-1.0,19.0,Marseille,-19.0
2024-06-24,C,15.32,4.0,Paris,61.28
2024-06-25,B,8.62,17.0,Marseille,146.54
2024-06-25,A,13.77,17.0,Paris,234.09
2024-06-25,A,13.61,31.0,Paris,421.90999999999997
2024-06-25,A,13.36,14.0,Marseille,187.04
2024-06-25,C,15.12,11.0,Paris,166.32
2024-06-25,A,12.92,17.0,Lyon,219.64
2024-06-26,C,14.45,3.0,Lyon,43.349999999999994
2024-06-26,D,20.43,12.0,Marseille,245.16
2024-06-26,B,7.65,22.0,Paris,168.3
2024-06-26,C,13.5,13.0,Toulouse,175.5
2024-06-26,A,12.3,17.0,Marseille,209.10000000000002
2024-06-27,D,20.62,6.0,Marseille,123.72
2024-06-27,A,13.23,7.0,Marseille,92.61
2024-06-27,A,11.11,22.0,Marseille,244.42
2024-06-28,A,11.55,18.0,Marseille,207.9
2024-06-28,D,18.43,2.0,Lyon,36.86
2024-06-28,A,12.38,22.0,Lyon,272.36
2024-06-28,C,16.66,5.0,Paris,83.3
2024-06-28,C,15.2,11.0,Toulouse,167.2
2024-06-28,A,14.51,15.0,Lyon,217.65
2024-06-28,B,7.37,10.0,Lyon,73.7
2024-06-29,A,13.73,22.0,Paris,302.06
2024-06-29,A,11.92,16.0,Paris,190.72
2024-06-29,A,12.75,8.0,,102.0
2024-06-29,B,7.8,10.0,Toulouse,78.0
2024-06-30,A,14.09,11.0,Paris,154.99
2024-06-30,D,20.42,13.0,Marseille,265.46000000000004
2024-06-30,A,14.33,15.0,Marseille,214.95
2024-06-30,C,15.17,8.0,Paris,121.36
2024-06-30,D,20.37,0.0,Lyon,0.0
2024-07-01,A,12.91,,Paris,
2024-07-01,D,18.44,10.0,Lyon,184.4
2024-07-01,A,12.35,11.0,Marseille,135.85
2024-07-01,D,19.64,8.0,Lyon,157.12
2024-07-01,A,12.51,9.0,Paris,112.59
2024-07-01,A,12.44,21.0,Lyon,261.24
2024-07-01,A,12.94,16.0,Paris,207.04
2024-07-02,A,12.14,17.0,Marseille,206.38
2024-07-02,C,14.41,13.0,Marseille,187.33
2024-07-02,B,9.13,4.0,Paris,36.52
2024-07-02,A,11.78,22.0,Lyon,259.15999999999997
2024-07-02,B,7.7,14.0,Paris,107.8
2024-07-02,B,8.82,25.0,Toulouse,220.5
2024-07-03,B,-1.0,5.0,Lyon,-5.0
2024-07-03,A,12.08,16.0,Paris,193.28
2024-07-03,A,12.49,12.0,Paris,149.88
2024-07-04,A,13.31,22.0,Paris,292.82
2024-07-04,D,19.67,3.0,Marseille,59.010000000000005
2024-07-04,A,12.3,15.0,Marseille,184.5
2024-07-05,B,8.03,14.0,Marseille,112.41999999999999
2024-07-05,A,11.29,15.0,Paris,169.35
2024-07-05,A,12.9,23.0,Lyon,296.7
2024-07-06,A,12.12,25.0,Lyon,303.0
2024-07-06,B,7.55,16.0,Marseille,120.8
2024-07-06,D,19.75,14.0,Lyon,276.5
2024-07-06,C,14.72,9.0,Paris,132.48000000000002
2024-07-07,C,16.2,0.0,Marseille,0.0
2024-07-07,C,14.2,11.0,Lyon,156.2
2024-07-07,B,8.31,0.0,Toulouse,0.0
2024-07-07,A,11.59,26.0,Paris,301.34
2024-07-07,A,11.9,12.0,Marseille,142.8
2024-07-07,B,6.45,6.0,Lyon,38.7
2024-07-08,C,14.31,3.0,Paris,42.93
2024-07-08,A,11.91,21.0,Lyon,250.11
2024-07-08,A,11.51,24.0,Marseille,276.24
2024-07-09,C,15.33,16.0,Lyon,245.28
2024-07-09,A,11.89,10.0,Lyon,118.9
2024-07-09,B,6.41,11.0,Marseille,70.51
2024-07-10,A,11.76,18.0,Paris,211.68
2024-07-10,C,14.04,7.0,Paris,98.28
2024-07-10,B,7.83,3.0,Paris,23.490000000000002
2024-07-10,B,8.69,4.0,Marseille,34.76
2024-07-10,B,7.05,7.0,Paris,49.35
2024-07-10,A,12.71,15.0,Lyon,190.65
2024-07-10,B,9.15,20.0,Paris,183.0
2024-07-11,A,11.08,18.0,Paris,199.44
2024-07-11,B,8.93,17.0,Marseille,151.81
2024-07-11,D,19.55,10.0,Lyon,195.5
2024-07-12,D,18.94,9.0,Paris,170.46
2024-07-12,B,7.53,11.0,Paris,82.83
2024-07-12,A,11.94,11.0,Lyon,131.34
2024-07-12,D,19.62,3.0,Marseille,58.86
2024-07-13,A,12.26,18.0,Toulouse,220.68
2024-07-13,A,12.79,21.0,Marseille,268.59
2024-07-13,D,18.78,4.0,Marseille,75.12
2024-07-13,C,13.58,10.0,Lyon,135.8
2024-07-13,A,13.75,13.0,Marseille,178.75
2024-07-13,A,11.0,14.0,Paris,154.0
2024-07-14,B,8.15,13.0,Marseille,105.95
2024-07-14,A,12.11,20.0,Paris,242.2
2024-07-14,A,11.42,17.0,Paris,194.14
2024-07-15,B,10.14,7.0,Toulouse,70.98
2024-07-15,D,18.95,10.0,Toulouse,189.5
2024-07-15,A,11.85,22.0,Paris,260.7
2024-07-15,C,14.03,5.0,Paris,70.14999999999999
2024-07-15,A,11.53,17.0,Marseille,196.01
2024-07-15,A,12.95,14.0,Marseille,181.29999999999998
2024-07-16,C,15.28,14.0,Paris,213.92
2024-07-16,D,19.31,15.0,Marseille,289.65
2024-07-16,B,8.06,10.0,Lyon,80.60000000000001
2024-07-16,A,12.24,27.0,Lyon,330.48
2024-07-16,B,8.09,13.0,Marseille,105.17
2024-07-16,A,12.55,22.0,Marseille,276.1
2024-07-16,B,8.08,15.0,Paris,121.2
2024-07-17,A,11.74,16.0,Paris,187.84
2024-07-17,D,20.05,0.0,Lyon,0.0
2024-07-17,D,19.37,6.0,Paris,116.22
2024-07-17,A,11.12,18.0,Paris,200.16
2024-07-18,A,11.95,13.0,Paris,155.35
2024-07-18,B,5.67,5.0,Toulouse,28.35
2024-07-18,B,5.82,7.0,Marseille,40.74
2024-07-18,D,19.75,10.0,Paris,197.5
2024-07-18,A,13.1,21.0,Paris,275.09999999999997
2024-07-18,C,15.45,0.0,Lyon,0.0
2024-07-18,D,19.51,1.0,Lyon,19.51
2024-07-19,A,12.37,18.0,Lyon,222.66
2024-07-19,A,10.37,18.0,Lyon,186.66
2024-07-19,B,7.28,13.0,Paris,94.64
2024-07-19,D,20.38,3.0,,61.14
2024-07-20,C,14.67,9.0,Marseille,132.03
2024-07-20,C,14.54,6.0,Paris,87.24
2024-07-20,C,15.02,0.0,Paris,0.0
2024-07-20,C,14.31,13.0,Toulouse,186.03
2024-07-20,A,13.0,18.0,Paris,234.0
2024-07-20,D,19.43,0.0,Paris,0.0
2024-07-20,B,7.02,1.0,Toulouse,7.02
2024-07-21,C,15.46,9.0,Paris,139.14000000000001
2024-07-21,C,15.21,11.0,Toulouse,167.31
2024-07-21,C,13.71,3.0,Paris,41.13
2024-07-21,C,15.85,8.0,Paris,126.8
2024-07-21,B,6.54,11.0,Paris,71.94
2024-07-21,C,14.21,9.0,Marseille,127.89000000000001
2024-07-21,D,19.38,18.0,Toulouse,348.84
2024-07-22,B,6.74,12.0,Marseille,80.88
2024-07-22,A,12.08,8.0,Marseille,96.64
2024-07-22,C,13.66,11.0,Lyon,150.26
2024-07-22,A,11.04,9.0,Paris,99.35999999999999
2024-07-22,A,11.74,17.0,Paris,199.58
2024-07-22,B,7.39,13.0,Toulouse,96.07
2024-07-22,B,7.17,17.0,Lyon,121.89
2024-07-23,A,12.25,22.0,Marseille,269.5
2024-07-23,A,11.03,12.0,Lyon,132.35999999999999
2024-07-23,B,7.94,6.0,Marseille,47.64
2024-07-23,B,7.48,10.0,Paris,74.80000000000001
2024-07-23,A,12.97,26.0,Marseille,337.22
2024-07-23,B,7.31,14.0,Lyon,102.33999999999999
2024-07-23,C,14.17,13.0,Marseille,184.21
2024-07-24,A,12.12,15.0,Paris,181.79999999999998
2024-07-24,B,7.26,10.0,Toulouse,72.6
2024-07-24,A,11.16,17.0,Paris,189.72
2024-07-24,D,19.74,1.0,Lyon,19.74
2024-07-25,B,6.56,12.0,Paris,78.72
2024-07-25,D,18.3,0.0,Marseille,0.0
2024-07-25,A,12.75,19.0,Paris,242.25
2024-07-25,A,10.76,17.0,Marseille,182.92
2024-07-25,D,17.71,1.0,Toulouse,17.71
2024-07-25,B,5.92,11.0,Toulouse,65.12
2024-07-25,B,8.23,14.0,Paris,115.22
2024-07-26,C,14.73,15.0,Paris,220.95000000000002
2024-07-26,B,7.36,11.0,Paris,80.96000000000001
2024-07-26,B,6.84,24.0,,164.16
2024-07-26,B,6.75,15.0,Paris,101.25
2024-07-26,B,7.29,11.0,Lyon,80.19
2024-07-27,D,18.41,0.0,Toulouse,0.0
2024-07-27,B,6.84,16.0,Lyon,109.44
2024-07-27,A,12.55,12.0,Marseille,150.60000000000002
2024-07-27,B,8.03,8.0,Lyon,64.24
2024-07-27,C,12.85,13.0,Lyon,167.04999999999998
2024-07-28,D,18.81,2.0,Marseille,37.62
2024-07-28,B,7.16,0.0,Toulouse,0.0
2024-07-28,A,12.36,20.0,Paris,247.2
2024-07-28,B,8.05,7.0,Lyon,56.35000000000001
2024-07-28,B,7.17,8.0,Paris,57.36
2024-07-28,A,12.82,18.0,Marseille,230.76
2024-07-28,B,7.67,15.0,Paris,115.05
2024-07-29,C,14.4,8.0,Marseille,115.2
2024-07-29,B,8.45,17.0,Toulouse,143.64999999999998
2024-07-29,B,6.96,14.0,Paris,97.44
2024-07-30,B,7.41,24.0,Lyon,177.84
2024-07-30,A,10.76,18.0,Marseille,193.68
2024-07-30,A,11.79,13.0,Marseille,153.26999999999998
2024-07-30,B,7.97,3.0,Paris,23.91
2024-07-30,D,19.03,10.0,Paris,190.3
2024-07-31,B,8.08,10.0,Paris,80.8
2024-07-31,B,7.51,20.0,Paris,150.2
2024-07-31,D,20.91,7.0,Paris,146.37
2024-07-31,B,6.99,11.0,Paris,76.89
2024-07-31,C,13.68,5.0,Lyon,68.4
2024-07-31,C,14.34,5.0,Paris,71.7
2024-07-31,A,12.82,16.0,Paris,205.12
2024-08-01,B,8.39,13.0,Paris,109.07000000000001
2024-08-01,C,15.2,1.0,Toulouse,15.2
2024-08-01,A,12.0,23.0,Lyon,276.0
2024-08-02,C,14.89,1.0,Lyon,14.89
2024-08-02,B,6.93,16.0,Paris,110.88
2024-08-02,D,18.92,2.0,Toulouse,37.84
2024-08-02,B,6.28,13.0,Paris,81.64
2024-08-02,D,19.5,20.0,Paris,390.0
2024-08-02,A,11.75,19.0,Lyon,223.25
2024-08-02,A,12.2,18.0,Lyon,219.6
2024-08-03,C,14.29,2.0,Paris,28.58
2024-08-03,C,13.45,3.0,Marseille,40.349999999999994
2024-08-03,B,6.79,20.0,Paris,135.8
2024-08-03,B,-1.0,,Paris,
2024-08-03,C,12.89,7.0,Lyon,90.23
2024-08-03,C,14.5,11.0,Paris,159.5
2024-08-04,B,7.62,12.0,Paris,91.44
2024-08-04,B,7.39,15.0,Marseille,110.85
2024-08-04,A,11.93,20.0,Lyon,238.6
2024-08-04,D,18.15,0.0,Marseille,0.0
2024-08-04,C,14.68,13.0,Paris,190.84
2024-08-04,B,6.77,6.0,Toulouse,40.62
2024-08-05,A,10.98,9.0,Paris,98.82000000000001
2024-08-05,B,8.33,13.0,Marseille,108.29
2024-08-05,B,6.51,16.0,Lyon,104.16
2024-08-05,B,7.24,9.0,Paris,65.16
2024-08-06,A,11.06,10.0,Marseille,110.60000000000001
2024-08-06,A,13.2,21.0,Paris,277.2
2024-08-06,A,12.27,9.0,Paris,110.42999999999999
2024-08-06,D,19.06,4.0,Lyon,76.24
2024-08-06,C,14.24,0.0,Toulouse,0.0
2024-08-06,B,7.97,1.0,Marseille,7.97
2024-08-07,B,5.63,9.0,Toulouse,50.67
2024-08-07,C,13.48,8.0,Lyon,107.84
2024-08-07,B,7.32,13.0,Marseille,95.16
2024-08-07,B,6.03,12.0,Lyon,72.36
2024-08-07,D,18.04,2.0,Paris,36.08
2024-08-08,C,14.99,6.0,Paris,89.94
2024-08-08,B,7.2,11.0,Lyon,79.2
2024-08-08,A,12.8,13.0,Lyon,166.4
2024-08-08,A,11.82,19.0,Marseille,224.58
2024-08-08,A,11.45,11.0,Toulouse,125.94999999999999
2024-08-08,B,7.92,3.0,Paris,23.759999999999998
2024-08-09,B,7.55,3.0,Toulouse,22.65
2024-08-09,C,14.6,8.0,Paris,116.8
2024-08-09,D,18.8,2.0,Toulouse,37.6
2024-08-10,A,10.38,21.0,Paris,217.98000000000002
2024-08-10,B,6.85,12.0,Paris,82.19999999999999
2024-08-10,B,6.12,12.0,Paris,73.44
2024-08-10,A,11.57,20.0,Lyon,231.4
2024-08-10,D,18.46,6.0,Paris,110.76
2024-08-10,B,8.36,16.0,Toulouse,133.76
2024-08-10,A,13.29,29.0,Lyon,385.40999999999997
2024-08-11,A,11.27,16.0,Paris,180.32
2024-08-11,A,11.01,19.0,Toulouse,209.19
2024-08-11,C,13.97,8.0,Lyon,111.76
2024-08-11,C,15.03,4.0,Paris,60.12
2024-08-11,C,13.57,6.0,Paris,81.42
2024-08-11,A,12.65,18.0,Paris,227.70000000000002
2024-08-11,C,14.7,10.0,Paris,147.0
2024-08-12,B,7.39,7.0,Lyon,51.73
2024-08-12,D,19.27,4.0,Toulouse,77.08
2024-08-12,B,7.7,2.0,Marseille,15.4
2024-08-12,A,11.56,15.0,Lyon,173.4
2024-08-13,A,11.71,18.0,Paris,210.78000000000003
2024-08-13,C,15.2,9.0,Lyon,136.79999999999998
2024-08-13,B,7.1,18.0,Paris,127.8
2024-08-14,B,7.66,,Paris,
2024-08-14,B,6.79,15.0,Marseille,101.85
2024-08-14,A,11.52,24.0,Paris,276.48
2024-08-14,A,11.18,12.0,Lyon,134.16
2024-08-14,B,7.14,8.0,Paris,57.12
2024-08-15,B,6.66,15.0,Lyon,99.9
2024-08-15,B,6.93,15.0,Paris,103.94999999999999
2024-08-15,A,11.65,9.0,Marseille,104.85000000000001
2024-08-15,D,18.26,11.0,Marseille,200.86
2024-08-15,A,11.74,16.0,Paris,187.84
2024-08-16,A,11.78,17.0,Lyon,200.26
2024-08-16,A,11.81,19.0,Toulouse,224.39000000000001
2024-08-16,D,18.69,1.0,Lyon,18.69
2024-08-16,B,6.38,2.0,Lyon,12.76
2024-08-16,A,11.71,9.0,Marseille,105.39000000000001
2024-08-16,A,13.02,19.0,Lyon,247.38
2024-08-17,B,7.74,11.0,Paris,85.14
2024-08-17,C,13.84,5.0,Lyon,69.2
2024-08-17,A,10.6,17.0,Paris,180.2
2024-08-17,B,7.9,10.0,Lyon,79.0
2024-08-17,B,7.42,9.0,Marseille,66.78
2024-08-18,B,6.99,12.0,Lyon,83.88
2024-08-18,A,10.18,15.0,Lyon,152.7
2024-08-18,A,12.37,21.0,Paris,259.77
2024-08-19,B,9.05,13.0,Paris,117.65
2024-08-19,D,17.65,5.0,Marseille,88.25
2024-08-19,B,8.19,4.0,Paris,32.76
2024-08-19,B,8.33,9.0,Toulouse,74.97
2024-08-19,B,9.61,13.0,Toulouse,124.92999999999999
2024-08-20,A,10.45,5.0,Marseille,52.25
2024-08-20,B,6.0,6.0,Paris,36.0
2024-08-20,A,12.15,19.0,Lyon,230.85
2024-08-20,B,8.06,8.0,Marseille,64.48
2024-08-20,B,7.26,11.0,Paris,79.86
2024-08-20,B,7.6,13.0,Lyon,98.8
2024-08-20,C,14.39,8.0,Paris,115.12
2024-08-21,D,19.28,,Marseille,
2024-08-21,C,13.57,8.0,Paris,108.56
2024-08-21,C,14.18,5.0,Toulouse,70.9
2024-08-22,A,12.31,20.0,Paris,246.20000000000002
2024-08-22,B,7.62,4.0,Paris,30.48
2024-08-22,A,11.35,23.0,Paris,261.05
2024-08-22,B,7.53,10.0,Lyon,75.3
2024-08-22,A,11.12,15.0,Paris,166.79999999999998
2024-08-23,C,14.82,10.0,Paris,148.2
2024-08-23,A,10.26,21.0,Paris,215.46
2024-08-23,C,14.76,18.0,Marseille,265.68
2024-08-24,D,17.49,10.0,Marseille,174.89999999999998
2024-08-24,A,11.99,24.0,Paris,287.76
2024-08-24,B,6.32,6.0,Lyon,37.92
2024-08-24,A,12.35,20.0,Marseille,247.0
2024-08-24,B,7.28,13.0,Paris,94.64
2024-08-24,B,7.86,8.0,Marseille,62.88
2024-08-24,A,11.09,18.0,Lyon,199.62
2024-08-25,C,14.48,9.0,Paris,130.32
2024-08-25,B,6.88,9.0,Marseille,61.92
2024-08-25,B,6.7,17.0,Lyon,113.9
2024-08-25,B,6.58,5.0,Lyon,32.9
2024-08-26,B,7.78,10.0,Paris,77.8
2024-08-26,D,18.74,0.0,Paris,0.0
2024-08-26,B,6.55,14.0,Lyon,91.7
2024-08-26,B,8.01,2.0,Lyon,16.02
2024-08-26,B,7.19,7.0,Lyon,50.330000000000005
2024-08-27,A,12.53,11.0,Lyon,137.82999999999998
2024-08-27,C,14.57,16.0,Paris,233.12
2024-08-27,A,12.23,17.0,Lyon,207.91
2024-08-27,C,14.62,14.0,Toulouse,204.67999999999998
2024-08-27,D,17.46,,Marseille,
2024-08-27,A,11.56,18.0,Lyon,208.08
2024-08-27,B,5.95,2.0,Paris,11.9
